sec,value
0,70
1,69
2,75
3,78
4,80
5,81
6,79
7,75
8,74
9,73
10,74
11,75
12,77
13,78
14,78
15,78
16,77
17,80
18,81
19,80
20,79
21,80
22,81
23,82
24,83
25,84
26,85
27,86
28,84
29,83
30,81
31,79
32,79
33,80
34,80
35,81
36,80
37,81
38,80
39,78
40,77
41,78
42,80
43,82
44,84
45,85
46,84
47,84
48,81
49,72
50,71
51,70
52,69
53,69
54,71
55,72
56,71
57,68
58,64
59,65
60,60
61,61
62,61
63,57
64,55
65,53
66,52
67,53
68,54
69,56
70,58
71,59
72,60
73,60
74,63
75,62
76,63
77,64
78,65
79,67
80,67
81,65
82,66
83,67
84,70
85,72
86,73
87,74
88,76
89,77
90,78
91,77
92,76
93,75
94,74
95,75
96,73
97,72
98,70
99,71
100,72
101,73
102,72
103,73
104,74
105,70
106,62
107,59
108,58
109,62
110,63
111,62
112,65
113,67
114,64
115,62
116,61
117,57
118,54
119,53
120,54
121,53
122,53
123,53
124,53
125,54
126,51
127,50
128,50
129,50
130,51
131,52
132,55
133,54
134,55
135,54
136,53
137,52
138,53
139,52
140,51
141,50
142,49
143,50
144,52
145,53
146,52
147,51
148,50
149,51
150,52
151,51
152,53
153,53
154,54
155,55
156,56
157,57
158,58
159,59
160,60
161,60
162,60
163,61
164,63
165,64
166,63
167,60
168,58
169,56
170,56
171,57
172,58
173,59
174,58
175,57
176,56
177,55
178,54
179,57
180,54
181,52
182,51
183,50
184,49
185,50
186,52
187,53
188,53
189,54
190,53
191,52
192,53
193,52
194,51
195,49
196,48
197,48
198,54
199,57
200,57
201,57
202,55
203,52
204,48
205,47
206,47
207,48
208,48
209,47
210,46
211,47
212,47
213,47
214,48
215,49
216,48
217,47
218,46
219,47
220,48
221,47
222,47
223,50
224,49
225,48
226,47
227,46
228,47
229,46
230,47
231,46
232,46
233,45
234,45
235,46
236,47
237,48
238,52
239,56
240,54
241,51
242,50
243,49
244,48
245,47
246,46
247,46
248,48
249,54
250,51
251,49
252,47
253,46
254,46
255,47
256,48
257,47
258,45
259,44
260,43
261,43
262,44
263,45
264,46
265,47
266,47
267,53
268,50
269,48
270,45
271,44
272,44
273,46
274,47
275,48
276,48
277,48
278,47
279,46
280,47
281,48
282,46
283,47
284,46
285,47
286,46
287,46
288,47
289,50
290,47
291,48
292,47
293,46
294,45
295,47
296,47
297,47
298,48
299,48
300,47
301,48
302,47
303,46
304,47
305,48
306,47
307,50
308,49
309,47
310,46
311,47
312,48
313,49
314,48
315,47
316,46
317,45
318,46
319,47
320,48
321,48
322,50
323,49
324,48
325,49
326,48
327,47
328,46
329,47
330,46
331,47
332,50
333,51
334,49
335,51
336,50
337,47
338,47
339,46
340,48
341,49
342,50
343,49
344,48
345,48
346,49
347,47
348,46
349,45
350,45
351,46
352,48
353,48
354,46
355,45
356,46
357,47
358,46
359,47
360,48
361,47
362,46
363,47
364,46
365,47
366,49
367,48
368,47
369,46
370,45
371,46
372,46
373,45
374,46
375,47
376,46
377,45
378,46
379,45
380,46
381,47
382,47
383,47
384,45
385,45
386,45
387,46
388,46
389,46
390,45
391,46
392,45
393,45
394,44
395,45
396,45
397,44
398,46
399,45
400,44
401,45
402,45
403,44
404,45
405,44
406,43
407,44
408,45
409,46
410,45
411,44
412,45
413,46
414,45
415,44
416,45
417,46
418,45
419,44
420,44
421,43
422,44
423,45
424,45
425,44
426,45
427,44
428,44
429,44
430,45
431,46
432,45
433,44
434,45
435,45
436,44
437,44
438,44
439,44
440,44
441,43
442,44
443,43
444,44
445,45
446,45
447,45
448,46
449,45
450,44
451,45
452,44
453,44
454,45
455,44
456,45
457,44
458,44
459,44
460,44
461,45
462,53
463,56
464,53
465,54
466,56
467,57
468,55
469,51
470,48
471,45
472,45
473,45
474,46
475,45
476,44
477,46
478,47
479,46
480,45
481,44
482,45
483,45
484,45
485,46
486,47
487,46
488,45
489,44
490,45
491,44
492,46
493,45
494,45
495,46
496,46
497,47
498,46
499,45
500,46
501,46
502,45
503,46
504,46
505,47
506,46
507,47
508,46
509,45
510,44
511,45
512,46
513,45
514,44
515,44
516,44
517,45
518,46
519,45
520,46
521,46
522,45
523,45
524,46
525,46
526,45
527,44
528,44
529,45
530,45
531,46
532,45
533,44
534,45
535,46
536,44
537,43
538,44
539,45
540,46
541,45
542,44
543,45
544,44
545,45
546,46
547,45
548,44
549,45
550,45
551,44
552,43
553,44
554,44
555,47
556,46
557,44
558,43
559,44
560,44
561,45
562,44
563,44
564,45
565,45
566,45
567,44
568,45
569,44
570,44
571,45
572,44
573,44
574,44
575,44
576,44
577,45
578,44
579,43
580,44
581,45
582,46
583,45
584,44
585,45
586,44
587,45
588,44
589,44
590,45
591,45
592,46
593,44
594,44
595,45
596,45
597,44
598,43
599,44
600,45
601,44
602,43
603,43
604,44
605,45
606,44
607,43
608,43
609,44
610,44
611,45
612,44
613,43
614,43
615,44
616,45
617,45
618,44
619,43
620,43
621,44
622,43
623,44
624,44
625,44
626,44
627,43
628,43
629,44
630,44
631,45
632,44
633,43
634,44
635,43
636,43
637,43
638,43
639,44
640,43
641,43
642,43
643,43
644,44
645,46
646,45
647,44
648,43
649,43
650,43
651,43
652,44
653,44
654,43
655,46
656,49
657,50
658,62
659,66
660,66
661,70
662,74
663,69
664,60
665,53
666,48
667,46
668,45
669,44
670,43
671,44
672,46
673,44
674,43
675,43
676,43
677,45
678,44
679,43
680,43
681,46
682,48
683,53
684,54
685,54
686,54
687,54
688,54
689,54
690,54
691,54
692,54
693,55
694,57
695,56
696,55
697,54
698,55
699,58
700,65
701,66
702,66
703,66
704,65
705,61
706,58
707,54
708,51
709,50
710,49
711,48
712,49
713,49
714,50
715,50
716,50
717,49
718,49
719,48
720,47
721,46
722,45
723,46
724,45
725,46
726,45
727,44
728,45
729,46
730,47
731,48
732,49
733,50
734,52
735,49
736,47
737,45
738,46
739,47
740,48
741,47
742,48
743,49
744,49
745,48
746,48
747,47
748,46
749,44
750,44
751,44
752,51
753,52
754,50
755,49
756,48
757,48
758,48
759,47
760,47
761,48
762,50
763,49
764,48
765,47
766,46
767,45
768,47
769,48
770,49
771,49
772,56
773,65
774,60
775,55
776,51
777,48
778,46
779,44
780,45
781,44
782,44
783,43
784,43
785,44
786,44
787,43
788,44
789,46
790,47
791,46
792,45
793,44
794,43
795,44
796,45
797,46
798,45
799,46
800,48
801,46
802,45
803,51
804,56
805,53
806,49
807,47
808,46
809,45
810,44
811,44
812,45
813,46
814,50
815,53
816,49
817,47
818,46
819,45
820,46
821,45
822,44
823,43
824,42
825,45
826,44
827,45
828,47
829,49
830,48
831,46
832,45
833,45
834,44
835,44
836,43
837,43
838,44
839,44
840,45
841,46
842,47
843,48
844,46
845,45
846,44
847,44
848,46
849,47
850,49
851,48
852,47
853,48
854,47
855,45
856,44
857,43
858,45
859,44
860,45
861,45
862,45
863,46
864,47
865,46
866,45
867,44
868,43
869,44
870,45
871,45
872,44
873,44
874,45
875,44
876,44
877,44
878,45
879,46
880,48
881,52
882,51
883,50
884,49
885,47
886,45
887,44
888,44
889,44
890,44
891,44
892,47
893,45
894,44
895,46
896,45
897,44
898,44
899,44
900,45
901,44
902,43
903,44
904,44
905,45
906,44
907,45
908,46
909,45
910,44
911,44
912,45
913,44
914,43
915,44
916,45
917,46
918,45
919,45
920,44
921,45
922,44
923,45
924,45
925,44
926,45
927,44
928,43
929,44
930,45
931,44
932,44
933,44
934,43
935,43
936,44
937,45
938,44
939,43
940,44
941,43
942,43
943,43
944,44
945,44
946,44
947,43
948,44
949,45
950,44
951,44
952,44
953,43
954,43
955,42
956,42
957,44
958,44
959,43
960,44
961,43
962,44
963,45
964,46
965,48
966,49
967,47
968,45
969,44
970,43
971,43
972,42
973,41
974,42
975,43
976,43
977,42
978,42
979,42
980,43
981,42
982,42
983,43
984,43
985,43
986,43
987,43
988,42
989,43
990,43
991,43
992,42
993,42
994,43
995,44
996,43
997,44
998,43
999,42
1000,43
1001,44
1002,43
1003,43
1004,43
1005,42
1006,42
1007,43
1008,44
1009,43
1010,42
1011,42
1012,42
1013,43
1014,42
1015,43
1016,43
1017,43
1018,43
1019,42
1020,42
1021,42
1022,43
1023,43
1024,43
1025,44
1026,43
1027,44
1028,43
1029,43
1030,42
1031,43
1032,43
1033,42
1034,43
1035,43
1036,44
1037,43
1038,42
1039,42
1040,42
1041,43
1042,43
1043,42
1044,43
1045,44
1046,43
1047,44
1048,43
1049,42
1050,42
1051,42
1052,43
1053,42
1054,43
1055,42
1056,42
1057,42
1058,42
1059,42
1060,42
1061,42
1062,41
1063,42
1064,43
1065,42
1066,43
1067,42
1068,42
1069,42
1070,42
1071,41
1072,42
1073,43
1074,44
1075,43
1076,44
1077,45
1078,44
1079,43
1080,42
1081,43
1082,43
1083,43
1084,42
1085,43
1086,43
1087,42
1088,43
1089,43
1090,42
1091,42
1092,42
1093,42
1094,44
1095,49
1096,49
1097,47
1098,46
1099,45
1100,43
1101,43
1102,42
1103,41
1104,42
1105,43
1106,44
1107,43
1108,42
1109,43
1110,44
1111,43
1112,42
1113,42
1114,41
1115,41
1116,42
1117,44
1118,44
1119,44
1120,43
1121,42
1122,42
1123,42
1124,42
1125,43
1126,44
1127,43
1128,43
1129,42
1130,43
1131,43
1132,42
1133,42
1134,42
1135,42
1136,42
1137,43
1138,42
1139,43
1140,42
1141,42
1142,41
1143,41
1144,43
1145,43
1146,42
1147,42
1148,43
1149,43
1150,42
1151,43
1152,43
1153,43
1154,42
1155,42
1156,42
1157,42
1158,43
1159,42
1160,43
1161,43
1162,45
1163,48
1164,50
1165,54
1166,56
1167,55
1168,50
1169,46
1170,45
1171,44
1172,44
1173,44
1174,43
1175,44
1176,46
1177,45
1178,44
1179,43
1180,43
1181,45
1182,47
1183,49
1184,48
1185,45
1186,44
1187,43
1188,43
1189,42
1190,45
1191,47
1192,48
1193,47
1194,45
1195,44
1196,44
1197,43
1198,43
1199,42
1200,43
1201,44
1202,44
1203,45
1204,46
1205,56
1206,57
1207,53
1208,50
1209,46
1210,44
1211,44
1212,43
1213,43
1214,44
1215,43
1216,42
1217,43
1218,44
1219,45
1220,47
1221,45
1222,44
1223,43
1224,42
1225,43
1226,43
1227,43
1228,44
1229,46
1230,45
1231,44
1232,44
1233,43
1234,43
1235,44
1236,45
1237,44
1238,43
1239,42
1240,41
1241,42
1242,44
1243,43
1244,42
1245,43
1246,42
1247,44
1248,43
1249,44
1250,43
1251,43
1252,42
1253,43
1254,43
1255,42
1256,43
1257,44
1258,43
1259,44
1260,45
1261,47
1262,48
1263,46
1264,45
1265,44
1266,43
1267,43
1268,44
1269,45
1270,47
1271,50
1272,47
1273,48
1274,52
1275,55
1276,52
1277,51
1278,49
1279,45
1280,44
1281,43
1282,43
1283,42
1284,42
1285,43
1286,45
1287,44
1288,43
1289,42
1290,43
1291,44
1292,43
1293,44
1294,45
1295,46
1296,45
1297,44
1298,46
1299,48
1300,50
1301,48
1302,46
1303,44
1304,44
1305,45
1306,44
1307,43
1308,43
1309,44
1310,44
1311,43
1312,44
1313,47
1314,48
1315,49
1316,53
1317,52
1318,50
1319,48
1320,47
1321,47
1322,49
1323,48
1324,47
1325,46
1326,43
1327,43
1328,44
1329,45
1330,46
1331,45
1332,44
1333,45
1334,46
1335,46
1336,46
1337,46
1338,48
1339,46
1340,44
1341,44
1342,43
1343,42
1344,43
1345,45
1346,44
1347,44
1348,44
1349,43
1350,44
1351,45
1352,44
1353,45
1354,46
1355,48
1356,47
1357,45
1358,44
1359,44
1360,45
1361,46
1362,48
1363,49
1364,48
1365,46
1366,44
1367,43
1368,43
1369,45
1370,46
1371,45
1372,44
1373,45
1374,48
1375,49
1376,48
1377,47
1378,46
1379,45
1380,44
1381,44
1382,47
1383,47
1384,45
1385,44
1386,44
1387,45
1388,45
1389,45
1390,46
1391,48
1392,52
1393,50
1394,47
1395,46
1396,44
1397,45
1398,46
1399,47
1400,45
1401,44
1402,43
1403,43
1404,46
1405,47
1406,46
1407,48
1408,56
1409,49
1410,46
1411,46
1412,45
1413,44
1414,45
1415,46
1416,45
1417,44
1418,43
1419,43
1420,45
1421,44
1422,43
1423,43
1424,43
1425,43
1426,42
1427,42
1428,42
1429,42
1430,44
1431,45
1432,45
1433,43
1434,43
1435,42
1436,43
1437,43
1438,44
1439,43
1440,45
1441,46
1442,45
1443,46
1444,45
1445,44
1446,46
1447,47
1448,53
1449,61
1450,57
1451,52
1452,51
1453,50
1454,48
1455,47
1456,46
1457,45
1458,44
1459,43
1460,43
1461,44
1462,45
1463,44
1464,45
1465,44
1466,44
1467,43
1468,42
1469,41
1470,41
1471,41
1472,41
1473,41
1474,44
1475,45
1476,46
1477,46
1478,44
1479,44
1480,53
1481,51
1482,48
1483,46
1484,45
1485,44
1486,43
1487,42
1488,42
1489,43
1490,43
1491,42
1492,41
1493,41
1494,42
1495,43
1496,44
1497,43
1498,43
1499,44
1500,45
1501,44
1502,45
1503,44
1504,43
1505,43
1506,44
1507,45
1508,44
1509,43
1510,45
1511,46
1512,45
1513,44
1514,43
1515,44
1516,43
1517,44
1518,43
1519,42
1520,44
1521,45
1522,44
1523,46
1524,47
1525,46
1526,45
1527,44
1528,43
1529,44
1530,45
1531,43
1532,44
1533,45
1534,44
1535,43
1536,42
1537,43
1538,44
1539,45
1540,44
1541,44
1542,43
1543,44
1544,46
1545,45
1546,44
1547,43
1548,42
1549,42
1550,44
1551,45
1552,46
1553,47
1554,46
1555,44
1556,43
1557,42
1558,42
1559,43
1560,44
1561,44
1562,43
1563,42
1564,43
1565,44
1566,43
1567,43
1568,44
1569,45
1570,45
1571,44
1572,43
1573,46
1574,47
1575,44
1576,43
1577,42
1578,43
1579,42
1580,42
1581,43
1582,42
1583,44
1584,45
1585,44
1586,43
1587,42
1588,42
1589,42
1590,41
1591,41
1592,42
1593,43
1594,45
1595,46
1596,45
1597,44
1598,43
1599,42
1600,43
1601,44
1602,45
1603,44
1604,45
1605,49
1606,48
1607,46
1608,45
1609,44
1610,43
1611,43
1612,43
1613,42
1614,43
1615,43
1616,42
1617,42
1618,44
1619,43
1620,43
1621,42
1622,43
1623,43
1624,42
1625,42
1626,43
1627,42
1628,42
1629,42
1630,42
1631,42
1632,42
1633,41
1634,42
1635,42
1636,43
1637,42
1638,43
1639,42
1640,42
1641,43
1642,43
1643,42
1644,42
1645,43
1646,43
1647,43
1648,42
1649,42
1650,41
1651,42
1652,43
1653,42
1654,42
1655,42
1656,41
1657,41
1658,42
1659,42
1660,42
1661,42
1662,42
1663,42
1664,41
1665,41
1666,41
1667,41
1668,42
1669,42
1670,42
1671,41
1672,42
1673,42
1674,42
1675,41
1676,41
1677,41
1678,41
1679,41
1680,42
1681,42
1682,43
1683,43
1684,43
1685,42
1686,41
1687,41
1688,41
1689,40
1690,40
1691,40
1692,40
1693,40
1694,40
1695,40
1696,39
1697,39
1698,40
1699,40
1700,39
1701,39
1702,40
1703,40
1704,40
1705,40
1706,40
1707,40
1708,40
1709,42
1710,42
1711,41
1712,42
1713,42
1714,41
1715,41
1716,40
1717,40
1718,40
1719,40
1720,40
1721,40
1722,50
1723,63
1724,62
1725,56
1726,54
1727,49
1728,48
1729,49
1730,49
1731,48
1732,47
1733,46
1734,45
1735,43
1736,43
1737,42
1738,42
1739,41
1740,41
1741,41
1742,40
1743,40
1744,40
1745,40
1746,40
1747,40
1748,40
1749,42
1750,44
1751,43
1752,43
1753,42
1754,42
1755,41
1756,41
1757,41
1758,40
1759,40
1760,40
1761,39
1762,39
1763,40
1764,41
1765,42
1766,42
1767,42
1768,55
1769,56
1770,53
1771,49
1772,48
1773,47
1774,46
1775,44
1776,43
1777,42
1778,42
1779,41
1780,41
1781,40
1782,40
1783,40
1784,40
1785,40
1786,41
1787,41
1788,41
1789,41
1790,41
1791,40
1792,40
1793,40
1794,40
1795,40
1796,40
1797,39
1798,41
1799,41
1800,41
1801,41
1802,40
1803,41
1804,41
1805,41
1806,41
1807,40
1808,41
1809,42
1810,42
1811,41
1812,41
1813,41
1814,41
1815,42
1816,42
1817,42
1818,41
1819,41
1820,40
1821,40
1822,40
1823,41
1824,42
1825,42
1826,41
1827,41
1828,41
1829,40
1830,41
1831,42
1832,41
1833,41
1834,41
1835,40
1836,40
1837,40
1838,39
1839,39
1840,42
1841,41
1842,41
1843,40
1844,43
1845,44
1846,53
1847,64
1848,66
1849,67
1850,67
1851,66
1852,64
1853,61
1854,61
1855,60
1856,58
1857,56
1858,52
1859,51
1860,50
1861,49
1862,48
1863,47
1864,46
1865,45
1866,43
1867,43
1868,42
1869,42
1870,42
1871,41
1872,42
1873,42
1874,41
1875,42
1876,42
1877,43
1878,42
1879,42
1880,41
1881,42
1882,41
1883,41
1884,41
1885,41
1886,44
1887,45
1888,44
1889,43
1890,44
1891,45
1892,44
1893,43
1894,41
1895,42
1896,43
1897,42
1898,42
1899,41
1900,41
1901,41
1902,42
1903,43
1904,42
1905,43
1906,43
1907,42
1908,42
1909,41
1910,42
1911,42
1912,41
1913,41
1914,42
1915,43
1916,42
1917,42
1918,41
1919,43
1920,44
1921,43
1922,43
1923,42
1924,42
1925,41
1926,42
1927,42
1928,42
1929,43
1930,42
1931,43
1932,43
1933,42
1934,44
1935,47
1936,63
1937,66
1938,63
1939,56
1940,49
1941,48
1942,47
1943,46
1944,44
1945,43
1946,43
1947,42
1948,42
1949,41
1950,41
1951,42
1952,43
1953,43
1954,42
1955,42
1956,41
1957,41
1958,41
1959,41
1960,40
1961,40
1962,41
1963,42
1964,41
1965,41
1966,40
1967,40
1968,41
1969,41
1970,41
1971,44
1972,45
1973,44
1974,44
1975,43
1976,43
1977,42
1978,42
1979,42
1980,41
1981,41
1982,42
1983,43
1984,42
1985,42
1986,41
1987,41
1988,40
1989,40
1990,40
1991,39
1992,39
1993,39
1994,39
1995,41
1996,42
1997,41
1998,41
1999,41
2000,41
2001,41
2002,41
2003,40
2004,41
2005,40
2006,40
2007,40
2008,40
2009,39
2010,40
2011,40
2012,41
2013,42
2014,41
2015,41
2016,45
2017,46
2018,46
2019,45
2020,43
2021,42
2022,42
2023,43
2024,44
2025,43
2026,43
2027,42
2028,42
2029,42
2030,43
2031,43
2032,44
2033,45
2034,45
2035,52
2036,60
2037,61
2038,65
2039,64
2040,59
2041,59
2042,57
2043,55
2044,53
2045,52
2046,51
2047,50
2048,50
2049,51
2050,65
2051,63
2052,62
2053,60
2054,59
2055,58
2056,57
2057,54
2058,53
2059,54
2060,53
2061,51
2062,49
2063,48
2064,47
2065,46
2066,45
2067,44
2068,44
2069,46
2070,53
2071,54
2072,54
2073,51
2074,50
2075,49
2076,49
2077,49
2078,65
2079,73
2080,73
2081,69
2082,66
2083,64
2084,62
2085,60
2086,56
2087,55
2088,60
2089,65
2090,60
2091,59
2092,60
2093,61
2094,59
2095,62
2096,67
2097,67
2098,68
2099,63
2100,56
2101,57
2102,59
2103,59
2104,59
2105,58
2106,57
2107,59
2108,63
2109,62
2110,63
2111,66
2112,64
2113,63
2114,66
2115,78
2116,78
2117,83
2118,88
2119,85
2120,80
2121,76
2122,76
2123,76
2124,76
2125,77
2126,77
2127,78
2128,77
2129,77
2130,77
2131,76
2132,78
2133,79
2134,79
2135,79
2136,79
2137,78
2138,77
2139,74
2140,70
2141,69
2142,68
2143,67
2144,66
2145,67
2146,65
2147,64
2148,62
2149,61
2150,60
2151,61
2152,63
2153,63
2154,70
2155,68
2156,67
2157,70
2158,71
2159,73
2160,74
2161,74
2162,75
2163,73
2164,72
2165,73
2166,74
2167,76
2168,77
2169,76
2170,75
2171,75
2172,76
2173,75
2174,77
2175,77
2176,77
2177,75
2178,74
2179,73
2180,72
2181,71
2182,73
2183,72
2184,71
2185,70
2186,69
2187,69
2188,70
2189,71
2190,75
2191,79
2192,83
2193,83
2194,83
2195,80
2196,78
2197,77
2198,74
2199,76
2200,76
2201,75
2202,77
2203,76
2204,71
2205,64
2206,63
2207,64
2208,65
2209,66
2210,68
2211,72
2212,73
2213,74
2214,74
2215,73
2216,73
2217,72
2218,77
2219,79
2220,79
2221,81
2222,80
2223,80
2224,79
2225,78
2226,79
2227,78
2228,77
2229,75
2230,73
2231,72
2232,71
2233,66
2234,64
2235,65
2236,64
2237,62
2238,61
2239,58
2240,57
2241,58
2242,58
2243,58
2244,59
2245,58
2246,59
2247,61
2248,62
2249,63
2250,62
2251,61
2252,62
2253,61
2254,60
2255,61
2256,62
2257,61
2258,60
2259,61
2260,59
2261,57
2262,59
2263,60
2264,61
2265,62
2266,63
2267,64
2268,65
2269,64
2270,63
2271,60
2272,56
2273,57
2274,56
2275,57
2276,58
2277,59
2278,58
2279,57
2280,57
2281,56
2282,57
2283,59
2284,60
2285,61
2286,61
2287,61
2288,62
2289,63
2290,62
2291,63
2292,62
2293,63
2294,64
2295,62
2296,62
2297,62
2298,63
2299,64
2300,64
2301,64
2302,65
2303,66
2304,67
2305,68
2306,71
2307,75
2308,80
2309,83
2310,86
2311,87
2312,86
2313,86
2314,83
2315,83
2316,84
2317,86
2318,87
2319,90
2320,91
2321,87
2322,89
2323,92
2324,97
2325,102
2326,103
2327,104
2328,106
2329,107
2330,106
2331,108
2332,113
2333,117
2334,122
2335,125
2336,125
2337,122
2338,120
2339,114
2340,108
2341,108
2342,107
2343,108
2344,107
2345,102
2346,101
2347,103
2348,102
2349,109
2350,109
2351,87
2352,88
2353,89
2354,98
2355,99
2356,100
2357,101
2358,100
2359,101
2360,102
2361,103
2362,104
2363,102
2364,103
2365,104
2366,105
2367,108
2368,109
2369,110
2370,111
2371,119
2372,120
2373,121
2374,122
2375,127
2376,128
2377,129
2378,126
2379,127
2380,128
2381,129
2382,130
2383,131
2384,128
2385,129
2386,130
2387,130
2388,131
2389,132
2390,133
2391,134
2392,135
2393,136
2394,135
2395,136
2396,136
2397,136
2398,137
2399,139
2400,139
2401,140
2402,138
2403,138
2404,139
2405,139
2406,140
2407,140
2408,140
2409,140
2410,138
2411,138
2412,135
2413,135
2414,134
2415,134
2416,138
2417,139
2418,139
2419,139
2420,140
2421,140
2422,138
2423,138
2424,140
2425,140
2426,140
2427,140
2428,138
2429,139
2430,141
2431,141
2432,140
2433,140
2434,140
2435,140
2436,141
2437,141
2438,140
2439,140
2440,140
2441,140
2442,142
2443,142
2444,140
2445,140
2446,137
2447,137
2448,138
2449,139
2450,145
2451,145
2452,145
2453,146
2454,145
2455,145
2456,144
2457,144
2458,141
2459,141
2460,141
2461,141
2462,138
2463,137
2464,136
2465,136
2466,135
2467,135
2468,135
2469,135
2470,137
2471,138
2472,142
2473,142
2474,145
2475,145
2476,145
2477,145
2478,146
2479,146
2480,146
2481,145
2482,145
2483,145
2484,145
2485,146
2486,146
2487,146
2488,146
2489,146
2490,144
2491,144
2492,145
2493,145
2494,139
2495,139
2496,140
2497,140
2498,138
2499,138
2500,137
2501,137
2502,137
2503,137
2504,138
2505,138
2506,138
2507,138
2508,136
2509,136
2510,137
2511,137
2512,138
2513,138
2514,147
2515,147
2516,144
2517,144
2518,143
2519,143
2520,147
2521,147
2522,141
2523,141
2524,143
2525,143
2526,147
2527,147
2528,146
2529,146
2530,143
2531,143
2532,145
2533,145
2534,145
2535,155
2536,155
2537,158
2538,158
2539,160
2540,160
2541,160
2542,160
2543,158
2544,158
2545,154
2546,154
2547,157
2548,157
2549,154
2550,154
2551,154
2552,154
2553,152
2554,152
2555,152
2556,152
2557,151
2558,151
2559,151
2560,152
2561,152
2562,153
2563,153
2564,153
2565,153
2566,157
2567,157
2568,159
2569,159
2570,158
2571,158
2572,158
2573,158
2574,157
2575,157
2576,157
2577,157
2578,156
2579,156
2580,155
2581,155
2582,153
2583,153
2584,153
2585,153
2586,153
2587,153
2588,152
2589,152
2590,152
2591,152
2592,156
2593,156
2594,154
2595,154
2596,153
2597,153
2598,154
2599,154
2600,154
2601,154
2602,152
2603,152
2604,155
2605,155
2606,154
2607,154
2608,153
2609,153
2610,151
2611,152
2612,153
2613,151
2614,145
2615,142
2616,137
2617,131
2618,129
2619,125
2620,124
2621,122
2622,120
2623,119
2624,117
2625,115
2626,110
2627,107
2628,104
2629,105
2630,104
2631,108
2632,113
2633,112
2634,108
2635,107
2636,101
2637,97
2638,92
2639,90
2640,88
2641,86
2642,89
2643,86
2644,84
2645,83
2646,82
2647,83
2648,85
2649,87
2650,88
2651,87
2652,84
2653,83
2654,81
2655,78
2656,76
2657,77
2658,77
2659,76
2660,77
2661,78
2662,77
2663,76
2664,77
2665,77
2666,78
2667,76
2668,78
2669,79
2670,80
2671,81
2672,81
2673,81
2674,81
2675,81
2676,85
2677,91
2678,94
2679,96
2680,97
2681,98
2682,98
2683,97
2684,96
2685,97
2686,100
2687,102
2688,103
2689,103
2690,102
2691,103
2692,101
2693,100
2694,100
2695,101
2696,101
2697,100
2698,101
2699,101
2700,101
2701,100
2702,98
2703,99
2704,99
2705,98
2706,97
2707,96
2708,98
2709,99
2710,100
2711,100
2712,101
2713,100
2714,102
2715,106
2716,108
2717,109
2718,107
2719,107
2720,106
2721,105
2722,107
2723,108
2724,110
2725,110
2726,108
2727,106
2728,104
2729,103
2730,101
2731,102
2732,103
2733,102
2734,103
2735,101
2736,99
2737,98
2738,97
2739,95
2740,97
2741,99
2742,106
2743,111
2744,117
2745,116
2746,113
2747,109
2748,110
2749,112
2750,114
2751,113
2752,108
2753,103
2754,104
2755,105
2756,104
2757,110
2758,115
2759,117
2760,116
2761,113
2762,110
2763,107
2764,106
2765,108
2766,115
2767,116
2768,120
2769,121
2770,120
2771,121
2772,119
2773,119
2774,120
2775,117
2776,115
2777,114
2778,115
2779,113
2780,111
2781,108
2782,105
2783,104
2784,104
2785,103
2786,102
2787,103
2788,105
2789,106
2790,106
2791,106
2792,106
2793,107
2794,109
2795,110
2796,110
2797,111
2798,113
2799,114
2800,114
2801,113
2802,114
2803,115
2804,116
2805,117
2806,118
2807,119
2808,120
2809,121
2810,122
2811,122
2812,122
2813,122
2814,122
2815,121
2816,119
2817,118
2818,119
2819,122
2820,122
2821,121
2822,121
2823,120
2824,119
2825,119
2826,118
2827,117
2828,116
2829,115
2830,114
2831,114
2832,114
2833,113
2834,112
2835,112
2836,113
2837,114
2838,118
2839,117
2840,116
2841,115
2842,115
2843,114
2844,113
2845,113
2846,112
2847,112
2848,112
2849,114
2850,115
2851,116
2852,118
2853,119
2854,119
2855,119
2856,118
2857,118
2858,117
2859,117
2860,116
2861,116
2862,118
2863,120
2864,121
2865,122
2866,124
2867,125
2868,125
2869,125
2870,127
2871,128
2872,129
2873,130
2874,132
2875,133
2876,134
2877,134
2878,134
2879,134
2880,135
2881,136
2882,136
2883,135
2884,134
2885,134
2886,133
2887,133
2888,133
2889,132
2890,131
2891,131
2892,131
2893,130
2894,131
2895,131
2896,130
2897,131
2898,133
2899,135
2900,136
2901,138
2902,140
2903,141
2904,141
2905,141
2906,142
2907,143
2908,144
2909,145
2910,146
2911,147
2912,148
2913,147
2914,146
2915,145
2916,144
2917,143
2918,142
2919,142
2920,142
2921,144
2922,145
2923,146
2924,147
2925,146
2926,145
2927,144
2928,143
2929,142
2930,143
2931,145
2932,146
2933,147
2934,148
2935,149
2936,150
2937,151
2938,152
2939,151
2940,151
2941,151
2942,150
2943,151
2944,151
2945,150
2946,150
2947,149
2948,149
2949,148
2950,147
2951,147
2952,147
2953,148
2954,149
2955,150
2956,151
2957,150
2958,149
2959,149
2960,148
2961,149
2962,150
2963,151
2964,147
2965,144
2966,143
2967,140
2968,141
2969,140
2970,140
2971,141
2972,142
2973,143
2974,142
2975,141
2976,140
2977,139
2978,138
2979,137
2980,136
2981,135
2982,134
2983,133
2984,132
2985,131
2986,132
2987,131
2988,131
2989,131
2990,130
2991,129
2992,128
2993,128
2994,127
2995,127
2996,126
2997,126
2998,125
2999,126
3000,128
3001,129
3002,131
3003,132
3004,132
3005,133
3006,133
3007,132
3008,131
3009,130
3010,129
3011,129
3012,128
3013,128
3014,129
3015,130
3016,130
3017,131
3018,131
3019,132
3020,131
3021,131
3022,131
3023,132
3024,133
3025,134
3026,134
3027,134
3028,134
3029,134
3030,133
3031,132
3032,132
3033,133
3034,134
3035,134
3036,135
3037,135
3038,135
3039,135
3040,134
3041,133
3042,132
3043,132
3044,131
3045,130
3046,129
3047,128
3048,128
3049,127
3050,126
3051,126
3052,127
3053,128
3054,130
3055,131
3056,132
3057,134
3058,135
3059,137
3060,138
3061,139
3062,141
3063,142
3064,143
3065,144
3066,145
3067,146
3068,145
3069,145
3070,145
3071,144
3072,143
3073,142
3074,141
3075,140
3076,139
3077,139
3078,138
3079,138
3080,139
3081,138
3082,137
3083,136
3084,136
3085,136
3086,138
3087,137
3088,136
3089,135
3090,134
3091,133
3092,133
3093,133
3094,133
3095,132
3096,130
3097,129
3098,128
3099,129
3100,129
3101,129
3102,130
3103,132
3104,133
3105,135
3106,133
3107,133
3108,133
3109,132
3110,131
3111,131
3112,131
3113,131
3114,131
3115,130
3116,129
3117,128
3118,128
3119,130
3120,131
3121,133
3122,134
3123,133
3124,132
3125,131
3126,130
3127,129
3128,128
3129,127
3130,126
3131,126
3132,125
3133,127
3134,128
3135,128
3136,128
3137,130
3138,131
3139,133
3140,134
3141,134
3142,134
3143,133
3144,133
3145,132
3146,131
3147,130
3148,129
3149,129
3150,129
3151,128
3152,128
3153,128
3154,128
3155,128
3156,128
3157,127
3158,127
3159,127
3160,127
3161,127
3162,127
3163,127
3164,127
3165,126
3166,125
3167,125
3168,126
3169,126
3170,126
3171,125
3172,126
3173,127
3174,126
3175,126
3176,126
3177,127
3178,127
3179,128
3180,129
3181,130
3182,131
3183,132
3184,133
3185,132
3186,131
3187,130
3188,129
3189,129
3190,128
3191,129
3192,129
3193,129
3194,128
3195,127
3196,126
3197,125
3198,124
3199,123
3200,123
3201,122
3202,123
3203,124
3204,122
3205,123
3206,124
3207,125
3208,126
3209,128
3210,129
3211,131
3212,132
3213,134
3214,136
3215,138
3216,139
3217,140
3218,141
3219,140
3220,140
3221,140
3222,141
3223,142
3224,142
3225,143
3226,142
3227,142
3228,142
3229,142
3230,142
3231,142
3232,142
3233,142
3234,143
3235,144
3236,145
3237,144
3238,143
3239,143
3240,142
3241,143
3242,142
3243,142
3244,142
3245,141
3246,141
3247,141
3248,140
3249,139
3250,138
3251,137
3252,139
3253,141
3254,142
3255,143
3256,145
3257,146
3258,146
3259,145
3260,144
3261,143
3262,143
3263,143
3264,142
3265,141
3266,140
3267,139
3268,137
3269,133
3270,130
3271,129
3272,123
3273,123
3274,124
3275,124
3276,119
3277,117
3278,120
3279,120
3280,114
3281,112
3282,111
3283,111
3284,113
3285,112
3286,114
3287,116
3288,117
3289,116
3290,116
3291,117
3292,117
3293,117
3294,115
3295,119
3296,124
3297,125
3298,123
3299,118
3300,114
3301,112
3302,107
3303,105
3304,102
3305,97
3306,99
3307,102
3308,103
3309,102
3310,103
3311,104
3312,105
3313,106
3314,105
3315,102
3316,98
3317,95
3318,91
3319,85
3320,83
3321,84
3322,85
3323,87
3324,88
3325,87
3326,86
3327,87
3328,88
3329,90
3330,91
3331,93
3332,98
3333,100
3334,102
3335,103
3336,104
3337,105
3338,111
3339,113
3340,111
3341,108
3342,105
3343,103
3344,104
3345,105
3346,108
3347,109
3348,110
3349,111
3350,113
3351,113
3352,114
3353,109
3354,105
3355,104
3356,102
3357,101
3358,102
3359,102
3360,103
3361,106
3362,108
3363,109
3364,110
3365,112
3366,113
3367,112
3368,110
3369,110
3370,110
3371,112
3372,111
3373,109
3374,107
3375,105
3376,106
3377,107
3378,106
3379,105
3380,107
3381,109
3382,107
3383,105
3384,103
3385,102
3386,103
3387,104
3388,104
3389,105
3390,102
3391,100
3392,103
3393,109
3394,115
3395,117
3396,117
3397,119
3398,118
3399,116
3400,113
3401,109
3402,106
3403,103
3404,99
3405,95
3406,91
3407,86
3408,81
3409,80
3410,81
3411,80
3412,77
3413,75
3414,75
3415,74
3416,76
3417,76
3418,75
3419,75
3420,87
3421,90
3422,90
3423,91
3424,90
3425,91
3426,90
3427,92
3428,98
3429,100
3430,101
3431,100
3432,97
3433,96
3434,97
3435,99
3436,97
3437,96
3438,94
3439,93
3440,95
3441,92
3442,91
3443,90
3444,89
3445,89
3446,90
3447,91
3448,90
3449,93
3450,93
3451,93
3452,94
3453,93
3454,98
3455,101
3456,101
3457,99
3458,97
3459,96
3460,94
3461,93
3462,91
3463,94
3464,95
3465,96
3466,94
3467,93
3468,92
3469,93
3470,94
3471,93
3472,92
3473,93
3474,93
3475,93
3476,93
3477,92
3478,92
3479,92
3480,93
3481,93
3482,92
3483,91
3484,90
3485,85
3486,81
3487,79
3488,75
3489,74
3490,75
3491,77
3492,77
3493,78
3494,92
3495,93
3496,92
3497,91
3498,92
3499,96
3500,99
3501,101
3502,102
3503,107
3504,108
3505,109
3506,110
3507,109
3508,107
3509,105
3510,104
3511,105
3512,107
3513,106
3514,110
3515,114
3516,115
3517,116
3518,118
3519,120
3520,121
3521,122
3522,120
3523,119
3524,120
3525,119
3526,118
3527,116
3528,116
3529,117
3530,115
3531,116
3532,111
3533,106
3534,101
3535,103
3536,109
3537,108
3538,102
3539,95
3540,94
3541,97
3542,100
3543,101
3544,100
3545,103
3546,106
3547,106
3548,106
3549,105
3550,103
3551,104
3552,106
3553,105
3554,107
3555,108
3556,107
3557,105
3558,107
3559,105
3560,100
3561,97
3562,95
3563,92
3564,89
3565,87
3566,84
3567,82
3568,80
3569,85
3570,89
3571,91
3572,92
3573,93
3574,94
3575,94
3576,95
3577,92
3578,91
3579,91
3580,92
3581,91
3582,88
3583,87
3584,87
3585,87
3586,88
3587,87
3588,87
3589,86
3590,87
3591,88
3592,89
3593,89
3594,90
3595,91
3596,91
3597,89
3598,87
3599,87
3600,86
3601,85
3602,85
3603,87
3604,86
3605,85
3606,85
3607,86
3608,85
3609,87
3610,87
3611,88
3612,89
3613,90
3614,89
3615,88
3616,89
3617,89
3618,88
3619,86
3620,84
3621,83
3622,82
3623,82
3624,83
3625,84
3626,84
3627,84
3628,84
3629,84
3630,88
3631,89
3632,88
3633,87
3634,85
3635,84
3636,85
3637,86
3638,87
3639,85
3640,82
3641,81
3642,80
3643,81
3644,82
3645,83
3646,82
3647,83
3648,83
3649,82
3650,83
3651,82
3652,83
3653,84
3654,85
3655,86
3656,85
3657,84
3658,83
3659,82
3660,81
3661,80
3662,81
3663,82
3664,82
3665,82
3666,84
3667,86
3668,88
3669,89
3670,89
3671,89
3672,91
3673,91
3674,89
3675,88
3676,87
3677,86
3678,86
3679,87
3680,88
3681,88
3682,87
3683,87
3684,86
3685,87
3686,86
3687,87
3688,88
3689,90
3690,90
3691,89
3692,88
3693,86
3694,86
3695,95
3696,96
3697,98
3698,102
3699,103
3700,106
3701,107
3702,109
3703,110
3704,111
3705,112
3706,113
3707,112
3708,111
3709,111
3710,112
3711,113
3712,114
3713,108
3714,110
3715,112
3716,111
3717,112
3718,109
3719,105
3720,108
3721,109
3722,111
3723,113
3724,112
3725,111
3726,111
3727,113
3728,112
3729,115
3730,115
3731,114
3732,115
3733,114
3734,113
3735,110
3736,105
3737,102
3738,98
3739,96
3740,95
3741,93
3742,90
3743,88
3744,86
3745,84
3746,81
3747,83
3748,85
3749,87
3750,88
3751,87
3752,84
3753,85
3754,86
3755,87
3756,87
3757,88
3758,90
3759,93
3760,95
3761,95
3762,95
3763,94
3764,95
3765,97
3766,98
3767,99
3768,100
3769,102
3770,104
3771,106
3772,104
3773,101
3774,96
3775,89
3776,86
3777,84
3778,83
3779,86
3780,87
3781,88
3782,92
3783,93
3784,94
3785,97
3786,98
3787,98
3788,101
3789,103
3790,105
3791,109
3792,112
3793,111
3794,110
3795,111
3796,110
3797,108
3798,116
3799,115
3800,113
3801,110
3802,109
3803,109
3804,113
3805,114
3806,112
3807,108
3808,105
3809,103
3810,101
3811,102
3812,102
3813,103
3814,103
3815,101
3816,102
3817,103
3818,102
3819,104
3820,104
3821,112
3822,111
3823,108
3824,107
3825,105
3826,101
3827,99
3828,95
3829,90
3830,88
3831,91
3832,94
3833,95
3834,92
3835,89
3836,90
3837,91
3838,91
3839,92
3840,93
3841,91
3842,93
3843,94
3844,96
3845,99
3846,101
3847,102
3848,101
3849,100
3850,96
3851,96
3852,102
3853,101
3854,100
3855,101
3856,104
3857,107
3858,105
3859,98
3860,95
3861,96
3862,95
3863,95
3864,96
3865,98
3866,98
3867,102
3868,101
3869,100
3870,101
3871,102
3872,101
3873,102
3874,101
3875,100
3876,99
3877,100
3878,103
3879,102
3880,103
3881,111
3882,113
3883,116
3884,114
3885,117
3886,117
3887,119
3888,120
3889,117
3890,113
3891,112
3892,116
3893,119
3894,121
3895,122
3896,124
3897,123
3898,120
3899,119
3900,124
3901,121
3902,118
3903,121
3904,126
3905,127
3906,126
3907,124
3908,122
3909,121
3910,118
3911,115
3912,113
3913,111
3914,112
3915,115
3916,113
3917,115
3918,115
3919,115
3920,118
3921,113
3922,117
3923,113
3924,105
3925,98
3926,94
3927,89
3928,83
3929,81
3930,100
3931,101
3932,98
3933,94
3934,93
3935,95
3936,96
3937,97
3938,96
3939,97
3940,98
3941,97
3942,95
3943,95
3944,99
3945,100
3946,99
3947,98
3948,98
3949,99
3950,100
3951,101
3952,100
3953,99
3954,100
3955,101
3956,101
3957,102
3958,101
3959,101
3960,102
3961,101
3962,100
3963,100
3964,99
3965,100
3966,98
3967,97
3968,98
3969,98
3970,98
3971,94
3972,93
3973,93
3974,96
3975,99
3976,101
3977,98
3978,99
3979,102
3980,103
3981,103
3982,102
3983,102
3984,104
3985,106
3986,108
3987,107
3988,107
3989,108
3990,110
3991,113
3992,115
3993,113
3994,113
3995,110
3996,109
3997,109
3998,111
3999,115
4000,117
4001,118
4002,120
4003,118
4004,117
4005,119
4006,121
4007,120
4008,117
4009,115
4010,121
4011,123
4012,120
4013,117
4014,122
4015,119
4016,115
4017,117
4018,118
4019,122
4020,124
4021,123
4022,122
4023,123
4024,123
4025,122
4026,121
4027,118
4028,115
4029,112
4030,107
4031,107
4032,104
4033,99
4034,94
4035,89
4036,91
4037,102
4038,103
4039,105
4040,103
4041,102
4042,109
4043,108
4044,110
4045,114
4046,116
4047,117
4048,116
4049,113
4050,110
4051,107
4052,106
4053,107
4054,112
4055,113
4056,112
4057,113
4058,113
4059,114
4060,111
4061,103
4062,101
4063,100
4064,99
4065,98
4066,99
4067,98
4068,98
4069,97
4070,95
4071,96
4072,97
4073,98
4074,98
4075,99
4076,101
4077,101
4078,98
4079,98
4080,99
4081,100
4082,100
4083,101
4084,103
4085,102
4086,103
4087,104
4088,103
4089,102
4090,101
4091,99
4092,99
4093,99
4094,98
4095,97
4096,96
4097,96
4098,97
4099,98
4100,97
4101,95
4102,94
4103,94
4104,94
4105,95
4106,95
4107,91
4108,90
4109,89
4110,91
4111,94
4112,96
4113,97
4114,101
4115,100
4116,98
4117,97
4118,101
4119,104
4120,105
4121,109
4122,111
4123,110
4124,111
4125,110
4126,109
4127,108
4128,106
4129,104
4130,102
4131,102
4132,104
4133,106
4134,104
4135,101
4136,97
4137,92
4138,88
4139,84
4140,82
4141,81
4142,81
4143,81
4144,80
4145,78
4146,76
4147,72
4148,67
4149,62
4150,53
4151,54
4152,52
4153,51
4154,53
4155,55
4156,57
4157,58
4158,59
4159,62
4160,64
4161,65
4162,65
4163,66
4164,67
4165,66
4166,66
4167,65
4168,66
4169,65
4170,64
4171,65
4172,69
4173,70
4174,71
4175,72
4176,74
4177,75
4178,75
4179,78
4180,77
4181,78
4182,80
4183,80
4184,79
4185,78
4186,77
4187,74
4188,71
4189,69
4190,73
4191,74
4192,75
4193,77
4194,77
4195,76
4196,71
4197,73
4198,72
4199,73
4200,77
4201,79
4202,81
4203,82
4204,86
4205,90
4206,87
4207,83
4208,80
4209,80
4210,79
4211,82
4212,85
4213,88
4214,90
4215,89
4216,87
4217,86
4218,84
4219,84
4220,84
4221,83
4222,86
4223,87
4224,86
4225,83
4226,80
4227,81
4228,83
4229,84
4230,85
4231,82
4232,85
4233,87
4234,90
4235,91
4236,93
4237,91
4238,89
4239,88
4240,86
4241,85
4242,86
4243,87
4244,89
4245,92
4246,95
4247,100
4248,101
4249,101
4250,101
4251,102
4252,103
4253,102
4254,102
4255,102
4256,102
4257,99
4258,105
4259,106
4260,105
4261,106
4262,106
4263,105
4264,106
4265,107
4266,107
4267,108
4268,109
4269,110
4270,108
4271,100
4272,94
4273,87
4274,86
4275,88
4276,92
4277,94
4278,96
4279,97
4280,98
4281,98
4282,95
4283,91
4284,92
4285,93
4286,92
4287,93
4288,92
4289,93
4290,94
4291,95
4292,97
4293,96
4294,98
4295,99
4296,100
4297,100
4298,99
4299,98
4300,94
4301,93
4302,92
4303,93
4304,95
4305,95
4306,94
4307,92
4308,93
4309,95
4310,90
4311,87
4312,88
4313,88
4314,89
4315,88
4316,87
4317,85
4318,84
4319,85
4320,86
4321,86
4322,87
4323,85
4324,84
4325,81
4326,79
4327,80
4328,82
4329,79
4330,75
4331,74
4332,75
4333,78
4334,80
4335,81
4336,81
4337,80
4338,79
4339,78
4340,77
4341,76
4342,75
4343,74
4344,74
4345,73
4346,74
4347,75
4348,78
4349,80
4350,84
4351,86
4352,87
4353,91
4354,94
4355,101
4356,106
4357,105
4358,106
4359,107
4360,108
4361,110
4362,109
4363,115
4364,115
4365,112
4366,112
4367,112
4368,110
4369,106
4370,107
4371,106
4372,107
4373,104
4374,106
4375,107
4376,113
4377,111
4378,107
4379,104
4380,102
4381,101
4382,102
4383,104
4384,103
4385,100
4386,103
4387,107
4388,108
4389,110
4390,111
4391,112
4392,109
4393,106
4394,100
4395,100
4396,100
4397,99
4398,99
4399,100
4400,99
4401,98
4402,97
4403,100
4404,99
4405,97
4406,94
4407,92
4408,90
4409,86
4410,85
4411,83
4412,82
4413,80
4414,77
4415,78
4416,79
4417,80
4418,82
4419,84
4420,85
4421,87
4422,89
4423,91
4424,91
4425,90
4426,89
4427,88
4428,84
4429,81
4430,79
4431,78
4432,77
4433,75
4434,74
4435,73
4436,72
4437,71
4438,72
4439,74
4440,76
4441,77
4442,83
4443,88
4444,92
4445,93
4446,94
4447,94
4448,96
4449,97
4450,96
4451,95
4452,96
4453,95
4454,94
4455,93
4456,92
4457,93
4458,94
4459,95
4460,97
4461,98
4462,97
4463,95
4464,93
4465,92
4466,89
4467,90
4468,91
4469,89
4470,90
4471,94
4472,95
4473,95
4474,94
4475,96
4476,98
4477,97
4478,95
4479,94
4480,93
4481,91
4482,92
4483,93
4484,94
4485,92
4486,91
4487,90
4488,88
4489,90
4490,93
4491,99
4492,101
4493,98
4494,96
4495,99
4496,100
4497,97
4498,92
4499,90
4500,91
4501,92
4502,93
4503,95
4504,95
4505,96
4506,94
4507,93
4508,94
4509,97
4510,100
4511,101
4512,104
4513,106
4514,103
4515,99
4516,95
4517,90
4518,87
4519,89
4520,93
4521,94
4522,92
4523,93
4524,94
4525,93
4526,94
4527,93
4528,94
4529,99
4530,101
4531,102
4532,103
4533,107
4534,110
4535,111
4536,110
4537,108
4538,104
4539,101
4540,100
4541,96
4542,93
4543,91
4544,92
4545,92
4546,95
4547,96
4548,97
4549,98
4550,98
4551,97
4552,96
4553,97
4554,96
4555,94
4556,95
4557,93
4558,93
4559,91
4560,88
4561,88
4562,89
4563,86
4564,93
4565,95
4566,96
4567,96
4568,97
4569,96
4570,95
4571,93
4572,92
4573,91
4574,92
4575,92
4576,93
4577,94
4578,95
4579,96
4580,95
4581,93
4582,93
4583,92
4584,93
4585,93
4586,92
4587,90
4588,89
4589,88
4590,87
4591,87
4592,87
4593,88
4594,90
4595,91
4596,92
4597,93
4598,92
4599,91
4600,89
4601,88
4602,86
4603,84
4604,84
4605,85
4606,84
4607,84
4608,85
4609,84
4610,81
4611,77
4612,75
4613,72
4614,76
4615,76
4616,76
4617,75
4618,76
4619,76
4620,77
4621,77
4622,77
4623,78
4624,77
4625,75
4626,75
4627,76
4628,77
4629,79
4630,77
4631,75
4632,74
4633,74
4634,76
4635,76
4636,74
4637,73
4638,74
4639,75
4640,76
4641,77
4642,79
4643,78
4644,76
4645,74
4646,73
4647,72
4648,72
4649,74
4650,76
4651,76
4652,77
4653,76
4654,77
4655,78
4656,88
4657,88
4658,88
4659,89
4660,91
4661,92
4662,96
4663,96
4664,98
4665,99
4666,98
4667,95
4668,94
4669,94
4670,94
4671,95
4672,96
4673,97
4674,96
4675,95
4676,94
4677,93
4678,92
4679,92
4680,91
4681,92
4682,90
4683,90
4684,91
4685,90
4686,90
4687,89
4688,89
4689,90
4690,90
4691,90
4692,89
4693,88
4694,86
4695,87
4696,89
4697,92
4698,90
4699,89
4700,88
4701,88
4702,90
4703,89
4704,90
4705,91
4706,91
4707,92
4708,91
4709,91
4710,90
4711,91
4712,91
4713,91
4714,88
4715,87
4716,87
4717,89
4718,91
4719,91
4720,90
4721,90
4722,89
4723,88
4724,89
4725,89
4726,90
4727,91
4728,91
4729,90
4730,91
4731,90
4732,89
4733,91
4734,92
4735,93
4736,92
4737,93
4738,93
4739,92
4740,91
4741,89
4742,88
4743,90
4744,91
4745,90
4746,92
4747,93
4748,92
4749,94
4750,93
4751,90
4752,87
4753,86
4754,86
4755,86
4756,87
4757,88
4758,91
4759,91
4760,92
4761,93
4762,95
4763,96
4764,94
4765,93
4766,92
4767,91
4768,90
4769,89
4770,91
4771,95
4772,94
4773,92
4774,91
4775,92
4776,94
4777,97
4778,95
4779,95
4780,95
4781,94
4782,92
4783,90
4784,89
4785,88
4786,89
4787,88
4788,91
4789,93
4790,93
4791,93
4792,94
4793,94
4794,93
4795,92
4796,93
4797,94
4798,95
4799,94
4800,92
4801,91
4802,90
4803,90
4804,89
4805,89
4806,90
4807,91
4808,92
4809,91
4810,91
4811,90
4812,87
4813,86
4814,85
4815,83
4816,82
4817,81
4818,80
4819,81
4820,82
4821,83
4822,83
4823,84
4824,83
4825,84
4826,84
4827,83
4828,84
4829,83
4830,83
4831,82
4832,83
4833,84
4834,85
4835,87
4836,86
4837,83
4838,82
4839,83
4840,82
4841,83
4842,84
4843,85
4844,84
4845,82
4846,82
4847,82
4848,83
4849,82
4850,81
4851,89
4852,92
4853,91
4854,91
4855,92
4856,93
4857,93
4858,93
4859,93
4860,93
4861,93
4862,92
4863,90
4864,90
4865,91
4866,92
4867,91
4868,89
4869,90
4870,87
4871,86
4872,85
4873,86
4874,85
4875,86
4876,86
4877,87
4878,88
4879,86
4880,85
4881,87
4882,88
4883,89
4884,90
4885,91
4886,92
4887,91
4888,91
4889,92
4890,93
4891,94
4892,95
4893,96
4894,96
4895,95
4896,95
4897,94
4898,93
4899,91
4900,89
4901,90
4902,92
4903,94
4904,95
4905,95
4906,95
4907,94
4908,98
4909,97
4910,93
4911,91
4912,90
4913,90
4914,91
4915,92
4916,98
4917,99
4918,98
4919,97
4920,95
4921,95
4922,96
4923,100
4924,101
4925,100
4926,98
4927,99
4928,99
4929,99
4930,100
4931,98
4932,93
4933,95
4934,98
4935,96
4936,93
4937,94
4938,96
4939,98
4940,100
4941,100
4942,98
4943,99
4944,101
4945,100
4946,100
4947,100
4948,100
4949,101
4950,100
4951,92
4952,88
4953,89
4954,86
4955,84
4956,85
4957,85
4958,86
4959,86
4960,85
4961,83
4962,82
4963,82
4964,78
4965,77
4966,76
4967,75
4968,74
4969,74
4970,73
4971,74
4972,74
4973,75
4974,74
4975,75
4976,74
4977,71
4978,71
4979,73
4980,72
4981,73
4982,72
4983,71
4984,70
4985,72
4986,72
4987,73
4988,74
4989,73
4990,73
4991,74
4992,75
4993,81
4994,92
4995,102
4996,107
4997,108
4998,109
4999,116
5000,120
5001,121
5002,120
5003,124
5004,122
5005,109
5006,108
5007,109
5008,110
5009,111
5010,109
5011,112
5012,114
5013,117
5014,116
5015,119
5016,116
5017,115
5018,116
5019,113
5020,114
5021,112
5022,110
5023,112
5024,110
5025,109
5026,107
5027,106
5028,105
5029,102
5030,101
5031,103
5032,105
5033,110
5034,115
5035,110
5036,109
5037,109
5038,110
5039,113
5040,116
5041,115
5042,116
5043,112
5044,111
5045,111
5046,112
5047,114
5048,113
5049,110
5050,114
5051,115
5052,114
5053,115
5054,111
5055,106
5056,102
5057,100
5058,101
5059,100
5060,99
5061,97
5062,95
5063,93
5064,88
5065,91
5066,91
5067,90
5068,89
5069,87
5070,86
5071,85
5072,83
5073,82
5074,81
5075,80
5076,79
5077,77
5078,76
5079,74
5080,75
5081,76
5082,75
5083,74
5084,73
5085,74
5086,75
5087,77
5088,78
5089,79
5090,79
5091,79
5092,78
5093,77
5094,76
5095,75
5096,74
5097,75
5098,75
5099,75
5100,74
5101,73
5102,72
5103,71
5104,71
5105,73
5106,72
5107,71
5108,74
5109,76
5110,75
5111,77
5112,78
5113,77
5114,76
5115,75
5116,78
5117,80
5118,82
5119,81
5120,79
5121,81
5122,82
5123,85
5124,83
5125,83
5126,86
5127,87
5128,88
5129,87
5130,86
5131,86
5132,84
5133,85
5134,87
5135,85
5136,83
5137,84
5138,84
5139,84
5140,83
5141,82
5142,82
5143,81
5144,80
5145,80
5146,81
5147,82
5148,81
5149,82
5150,82
5151,84
5152,86
5153,86
5154,87
5155,86
5156,87
5157,87
5158,87
5159,88
5160,87
5161,88
5162,89
5163,91
5164,92
5165,91
5166,88
5167,87
5168,87
5169,86
5170,85
5171,86
5172,86
5173,86
5174,85
5175,84
5176,84
5177,101
5178,102
5179,102
5180,100
5181,98
5182,96
5183,95
5184,96
5185,97
5186,100
5187,99
5188,98
5189,96
5190,93
5191,92
5192,95
5193,96
5194,97
5195,98
5196,97
5197,97
5198,95
5199,93
5200,92
5201,91
5202,90
5203,91
5204,97
5205,101
5206,100
5207,101
5208,102
5209,99
5210,95
5211,93
5212,98
5213,100
5214,99
5215,97
5216,97
5217,93
5218,86
5219,84
5220,83
5221,88
5222,89
5223,88
5224,90
5225,91
5226,92
5227,93
5228,106
5229,107
5230,106
5231,103
5232,101
5233,92
5234,90
5235,92
5236,93
5237,94
5238,94
5239,96
5240,99
5241,101
5242,99
5243,99
5244,98
5245,96
5246,95
5247,95
5248,96
5249,97
5250,97
5251,97
5252,98
5253,98
5254,98
5255,98
5256,99
5257,101
5258,101
5259,98
5260,94
5261,93
5262,94
5263,93
5264,94
5265,95
5266,96
5267,101
5268,98
5269,95
5270,93
5271,88
5272,81
5273,80
5274,78
5275,79
5276,77
5277,76
5278,75
5279,75
5280,74
5281,75
5282,75
5283,77
5284,78
5285,77
5286,75
5287,75
5288,75
5289,76
5290,76
5291,74
5292,72
5293,71
5294,71
5295,72
5296,73
5297,75
5298,74
5299,73
5300,72
5301,72
5302,78
5303,83
5304,87
5305,89
5306,91
5307,94
5308,97
5309,101
5310,110
5311,112
5312,115
5313,117
5314,118
5315,119
5316,120
5317,119
5318,118
5319,120
5320,122
5321,124
5322,123
5323,121
5324,118
5325,114
5326,109
5327,109
5328,107
5329,104
5330,100
5331,99
5332,100
5333,102
5334,102
5335,107
5336,111
5337,112
5338,111
5339,109
5340,106
5341,102
5342,100
5343,103
5344,109
5345,108
5346,109
5347,112
5348,113
5349,112
5350,112
5351,111
5352,110
5353,111
5354,108
5355,106
5356,107
5357,112
5358,112
5359,111
5360,112
5361,113
5362,114
5363,110
5364,106
5365,104
5366,105
5367,106
5368,109
5369,110
5370,107
5371,105
5372,106
5373,103
5374,101
5375,104
5376,105
5377,106
5378,107
5379,109
5380,110
5381,110
5382,108
5383,106
5384,104
5385,106
5386,109
5387,108
5388,107
5389,106
5390,101
5391,95
5392,92
5393,100
5394,107
5395,112
5396,113
5397,111
5398,111
5399,104
5400,99
5401,99
5402,99
5403,100
5404,99
5405,99
5406,100
5407,99
5408,101
5409,97
5410,90
5411,90
5412,89
5413,88
5414,88
5415,87
5416,85
5417,82
5418,83
5419,83
5420,83
5421,84
5422,86
5423,87
5424,86
5425,86
5426,86
5427,84
5428,83
5429,78
5430,76
5431,76
5432,75
5433,75
5434,75
5435,73
5436,73
5437,73
5438,74
5439,75
5440,77
5441,78
5442,82
5443,85
5444,86
5445,88
5446,88
5447,88
5448,87
5449,89
5450,93
5451,95
5452,96
5453,95
5454,92
5455,90
5456,91
5457,90
5458,89
5459,87
5460,83
5461,81
5462,80
5463,79
5464,83
5465,86
5466,88
5467,89
5468,90
5469,91
5470,94
5471,96
5472,94
5473,89
5474,88
5475,87
5476,86
5477,84
5478,85
5479,91
5480,97
5481,96
5482,95
5483,94
5484,92
5485,91
5486,90
5487,89
5488,90
5489,88
5490,85
5491,85
5492,86
5493,87
5494,90
5495,91
5496,90
5497,91
5498,90
5499,88
5500,90
5501,89
5502,86
5503,85
5504,84
5505,83
5506,82
5507,81
5508,82
5509,81
5510,80
5511,88
5512,89
5513,90
5514,89
5515,87
5516,85
5517,86
5518,85
5519,83
5520,83
5521,84
5522,93
5523,96
5524,95
5525,96
5526,95
5527,95
5528,95
5529,96
5530,97
5531,97
5532,98
5533,98
5534,97
5535,95
5536,96
5537,97
5538,96
5539,96
5540,97
5541,98
5542,97
5543,91
5544,90
5545,89
5546,88
5547,87
5548,86
5549,85
5550,84
5551,84
5552,84
5553,83
5554,83
5555,81
5556,80
5557,81
5558,88
5559,89
5560,89
5561,90
5562,91
5563,92
5564,93
5565,93
5566,93
5567,94
5568,95
5569,94
5570,92
5571,88
5572,89
5573,90
5574,90
5575,91
5576,92
5577,93
5578,94
5579,95
5580,96
5581,100
5582,105
5583,106
5584,107
5585,104
5586,97
5587,96
5588,91
5589,91
5590,89
5591,89
5592,94
5593,98
5594,97
5595,97
5596,96
5597,97
5598,95
5599,96
5600,97
5601,98
5602,99
5603,99
5604,101
5605,102
5606,101
5607,100
5608,98
5609,95
5610,93
5611,90
5612,88
5613,87
5614,86
5615,88
5616,92
5617,92
5618,93
5619,92
5620,89
5621,91
5622,101
5623,105
5624,102
5625,101
5626,101
5627,100
5628,100
5629,99
5630,99
5631,100
5632,101
5633,100
5634,101
5635,96
5636,94
5637,94
5638,92
5639,91
5640,92
5641,93
5642,91
5643,89
5644,88
5645,86
5646,86
5647,88
5648,90
5649,89
5650,87
5651,87
5652,88
5653,90
5654,89
5655,89
5656,91
5657,92
5658,94
5659,95
5660,95
5661,95
5662,94
5663,94
5664,94
5665,93
5666,93
5667,93
5668,93
5669,92
5670,93
5671,94
5672,97
5673,99
5674,101
5675,101
5676,103
5677,105
5678,105
5679,104
5680,102
5681,99
5682,97
5683,100
5684,101
5685,101
5686,101
5687,100
5688,103
5689,102
5690,101
5691,103
5692,105
5693,107
5694,107
5695,105
5696,104
5697,104
5698,104
5699,103
5700,103
5701,102
5702,102
5703,103
5704,104
5705,106
5706,105
5707,105
5708,105
5709,106
5710,111
5711,113
5712,119
5713,120
5714,119
5715,117
5716,116
5717,116
5718,114
5719,109
5720,103
5721,101
5722,99
5723,94
5724,92
5725,90
5726,87
5727,84
5728,87
5729,84
5730,83
5731,82
5732,80
5733,82
5734,86
5735,88
5736,89
5737,91
5738,92
5739,92
5740,99
5741,97
5742,95
5743,94
5744,93
5745,94
5746,95
5747,99
5748,101
5749,102
5750,104
5751,103
5752,100
5753,96
5754,93
5755,91
5756,91
5757,92
5758,95
5759,94
5760,96
5761,97
5762,97
5763,98
5764,96
5765,94
5766,93
5767,91
5768,91
5769,90
5770,88
5771,87
5772,86
5773,85
5774,86
5775,87
5776,90
5777,88
5778,87
5779,88
5780,87
5781,81
5782,79
5783,81
5784,84
5785,91
5786,94
5787,99
5788,97
5789,93
5790,97
5791,100
5792,98
5793,97
5794,95
5795,93
5796,92
5797,95
5798,98
5799,97
5800,100
5801,104
5802,103
5803,106
5804,108
5805,106
5806,103
5807,99
5808,100
5809,102
5810,104
5811,105
5812,106
5813,104
5814,105
5815,106
5816,106
5817,104
5818,105
5819,103
5820,102
5821,103
5822,106
5823,105
5824,103
5825,99
5826,97
5827,101
5828,103
5829,102
5830,100
5831,94
5832,91
5833,92
5834,93
5835,93
5836,96
5837,92
5838,88
5839,91
5840,95
5841,99
5842,103
5843,104
5844,106
5845,106
5846,103
5847,101
5848,102
5849,104
5850,109
5851,110
5852,112
5853,111
5854,110
5855,109
5856,110
5857,111
5858,112
5859,110
5860,110
5861,108
5862,105
5863,106
5864,108
5865,110
5866,109
5867,113
5868,114
5869,112
5870,110
5871,107
5872,104
5873,99
5874,98
5875,99
5876,98
5877,97
5878,95
5879,89
5880,88
5881,86
5882,82
5883,78
5884,75
5885,76
5886,83
5887,84
5888,84
5889,84
5890,81
5891,82
5892,85
5893,84
5894,83
5895,82
5896,80
5897,79
5898,79
5899,80
5900,83
5901,80
5902,81
5903,80
5904,78
5905,77
5906,78
5907,80
5908,79
5909,80
5910,87
5911,96
5912,97
5913,97
5914,94
5915,93
5916,94
5917,95
5918,96
5919,95
5920,94
5921,97
5922,98
5923,99
5924,98
5925,100
5926,95
5927,97
5928,99
5929,99
5930,98
5931,98
5932,99
5933,103
5934,105
5935,111
5936,113
5937,113
5938,110
5939,107
5940,105
5941,108
5942,107
5943,108
5944,109
5945,108
5946,107
5947,104
5948,103
5949,102
5950,102
5951,103
5952,105
5953,107
5954,111
5955,113
5956,116
5957,117
5958,115
5959,112
5960,111
5961,110
5962,109
5963,105
5964,107
5965,108
5966,107
5967,105
5968,102
5969,101
5970,100
5971,98
5972,93
5973,89
5974,87
5975,89
5976,91
5977,88
5978,85
5979,82
5980,80
5981,82
5982,83
5983,86
5984,89
5985,91
5986,89
5987,83
5988,84
5989,85
5990,84
5991,86
5992,85
5993,84
5994,84
5995,83
5996,84
5997,85
5998,87
5999,88
6000,90
6001,91
6002,86
6003,74
6004,75
6005,76
6006,76
6007,77
6008,78
6009,79
6010,81
6011,80
6012,78
6013,76
6014,74
6015,71
6016,72
6017,71
6018,71
6019,72
6020,71
6021,69
6022,68
6023,67
6024,69
6025,71
6026,72
6027,70
6028,70
6029,69
6030,70
6031,72
6032,72
6033,71
6034,72
6035,72
6036,73
6037,72
6038,69
6039,68
6040,67
6041,66
6042,65
6043,64
6044,63
6045,64
6046,65
6047,66
6048,67
6049,67
6050,68
6051,69
6052,70
6053,72
6054,73
6055,72
6056,71
6057,70
6058,69
6059,66
6060,65
6061,65
6062,65
6063,66
6064,67
6065,68
6066,67
6067,69
6068,70
6069,71
6070,70
6071,68
6072,70
6073,72
6074,74
6075,73
6076,72
6077,71
6078,70
6079,70
6080,73
6081,73
6082,74
6083,72
6084,73
6085,75
6086,77
6087,74
6088,73
6089,74
6090,75
6091,76
6092,77
6093,79
6094,78
6095,77
6096,74
6097,70
6098,70
6099,70
6100,72
6101,72
6102,70
6103,71
6104,72
6105,71
6106,72
6107,73
6108,75
6109,76
6110,75
6111,74
6112,73
6113,72
6114,72
6115,71
6116,70
6117,70
6118,69
6119,71
6120,74
6121,79
6122,75
6123,77
6124,78
6125,76
6126,77
6127,78
6128,79
6129,78
6130,77
6131,78
6132,79
6133,81
6134,80
6135,77
6136,76
6137,77
6138,78
6139,79
6140,80
6141,81
6142,82
6143,81
6144,80
6145,79
6146,78
6147,77
6148,76
6149,78
6150,80
6151,78
6152,78
6153,78
6154,77
6155,77
6156,77
6157,76
6158,75
6159,74
6160,75
6161,76
6162,76
6163,77
6164,77
6165,77
6166,78
6167,77
6168,75
6169,74
6170,74
6171,75
6172,76
6173,75
6174,74
6175,72
6176,73
6177,74
6178,75
6179,76
6180,75
6181,76
6182,75
6183,76
6184,77
6185,78
6186,78
6187,79
6188,80
6189,79
6190,76
6191,75
6192,74
6193,75
6194,74
6195,75
6196,76
6197,76
6198,76
6199,77
6200,77
6201,77
6202,77
6203,76
6204,75
6205,74
6206,75
6207,75
6208,74
6209,73
6210,72
6211,73
6212,74
6213,75
6214,76
6215,77
6216,78
6217,78
6218,79
6219,78
6220,78
6221,79
6222,80
6223,81
6224,80
6225,79
6226,78
6227,79
6228,80
6229,79
6230,76
6231,75
6232,76
6233,75
6234,74
6235,75
6236,76
6237,77
6238,78
6239,77
6240,79
6241,81
6242,83
6243,87
6244,87
6245,88
6246,89
6247,89
6248,88
6249,89
6250,90
6251,90
6252,91
6253,92
6254,91
6255,90
6256,89
6257,90
6258,91
6259,91
6260,92
6261,94
6262,95
6263,96
6264,95
6265,89
6266,80
6267,79
6268,80
6269,85
6270,87
6271,86
6272,83
6273,81
6274,82
6275,82
6276,81
6277,78
6278,77
6279,76
6280,78
6281,79
6282,80
6283,80
6284,80
6285,81
6286,83
6287,84
6288,82
6289,80
6290,78
6291,80
6292,80
6293,82
6294,85
6295,91
6296,92
6297,89
6298,89
6299,87
6300,83
6301,80
6302,77
6303,77
6304,78
6305,77
6306,78
6307,77
6308,77
6309,79
6310,77
6311,77
6312,78
6313,79
6314,79
6315,79
6316,78
6317,77
6318,75
6319,73
6320,74
6321,74
6322,81
6323,86
6324,85
6325,85
6326,84
6327,84
6328,83
6329,84
6330,85
6331,84
6332,84
6333,83
6334,84
6335,86
6336,87
6337,88
6338,89
6339,86
6340,81
6341,76
6342,77
6343,78
6344,77
6345,76
6346,75
6347,74
6348,73
6349,74
6350,75
6351,76
6352,77
6353,76
6354,75
6355,76
6356,76
6357,77
6358,79
6359,80
6360,80
6361,80
6362,79
6363,78
6364,80
6365,80
6366,81
6367,82
6368,80
6369,80
6370,79
6371,78
6372,75
6373,74
6374,75
6375,76
6376,76
6377,75
6378,74
6379,76
6380,77
6381,76
6382,74
6383,73
6384,73
6385,73
6386,73
6387,73
6388,73
6389,72
6390,71
6391,72
6392,73
6393,72
6394,72
6395,71
6396,71
6397,72
6398,71
6399,71
6400,73
6401,74
6402,75
6403,76
6404,77
6405,78
6406,77
6407,72
6408,71
6409,70
6410,72
6411,73
6412,74
6413,75
6414,75
6415,75
6416,73
6417,71
6418,72
6419,74
6420,76
6421,77
6422,77
6423,76
6424,75
6425,73
6426,72
6427,72
6428,72
6429,71
6430,70
6431,71
6432,72
6433,71
6434,70
6435,71
6436,70
6437,71
6438,70
6439,69
6440,70
6441,70
6442,66
6443,66
6444,65
6445,66
6446,67
6447,68
6448,67
6449,66
6450,64
6451,67
6452,68
6453,68
6454,67
6455,67
6456,67
6457,67
6458,68
6459,67
6460,66
6461,65
6462,66
6463,67
6464,67
6465,72
6466,84
6467,85
6468,84
6469,84
6470,85
6471,86
6472,88
6473,88
6474,88
6475,89
6476,88
6477,88
6478,87
6479,87
6480,88
6481,88
6482,87
6483,87
6484,88
6485,89
6486,90
6487,93
6488,95
6489,97
6490,102
6491,106
6492,105
6493,105
6494,104
6495,103
6496,102
6497,102
6498,102
6499,102
6500,101
6501,100
6502,99
6503,100
6504,99
6505,100
6506,99
6507,99
6508,100
6509,101
6510,103
6511,102
6512,99
6513,98
6514,94
6515,91
6516,92
6517,93
6518,94
6519,93
6520,92
6521,93
6522,93
6523,90
6524,81
6525,80
6526,79
6527,80
6528,79
6529,79
6530,80
6531,81
6532,81
6533,81
6534,80
6535,79
6536,77
6537,75
6538,74
6539,73
6540,74
6541,74
6542,73
6543,72
6544,73
6545,72
6546,71
6547,72
6548,73
6549,72
6550,71
6551,71
6552,71
6553,70
6554,71
6555,72
6556,71
6557,70
6558,71
6559,71
6560,72
6561,72
6562,72
6563,73
6564,72
6565,70
6566,66
6567,63
6568,62
6569,61
6570,61
6571,60
6572,61
6573,60
6574,59
6575,60
6576,61
6577,60
6578,60
6579,61
6580,62
6581,63
6582,65
6583,67
6584,68
6585,67
6586,74
6587,77
6588,77
6589,75
6590,74
6591,70
6592,70
6593,71
6594,73
6595,73
6596,73
6597,73
6598,72
6599,72
6600,71
6601,70
6602,71
6603,70
6604,69
6605,69
6606,70
6607,71
6608,72
6609,73
6610,73
6611,72
6612,71
6613,70
6614,68
6615,70
6616,69
6617,69
6618,70
6619,70
6620,69
6621,67
6622,64
6623,55
6624,51
6625,63
6626,69
6627,73
6628,74
6629,74
6630,74
6631,75
6632,75
6633,75
6634,76
6635,76
6636,77
6637,78
6638,78
6639,78
6640,78
6641,79
6642,80
6643,82
6644,82
6645,83
6646,84
6647,82
6648,82
6649,80
6650,80
6651,81
6652,81
6653,79
6654,77
6655,76
6656,77
6657,76
6658,75
6659,74
6660,71
6661,69
6662,67
6663,66
6664,66
6665,66
6666,68
6667,69
6668,86
6669,91
6670,90
6671,89
6672,84
6673,79
6674,76
6675,77
6676,77
6677,76
6678,76
6679,76
6680,73
6681,70
6682,71
6683,70
6684,70
6685,68
6686,69
6687,70
6688,70
6689,71
6690,71
6691,74
6692,75
6693,75
6694,77
6695,77
6696,78
6697,75
6698,74
6699,74
6700,74
6701,74
6702,81
6703,82
6704,81
6705,82
6706,80
6707,75
6708,74
6709,69
6710,65
6711,67
6712,68
6713,68
6714,68
6715,69
6716,70
6717,66
6718,67
6719,67
6720,71
6721,73
6722,71
6723,69
6724,70
6725,70
6726,70
6727,71
6728,71
6729,73
6730,75
6731,70
6732,70
6733,69
6734,70
6735,71
6736,72
6737,75
6738,76
6739,77
6740,80
6741,82
6742,84
6743,84
6744,85
6745,85
6746,84
6747,83
6748,92
6749,93
6750,93
6751,93
6752,92
6753,92
6754,90
6755,84
6756,82
6757,81
6758,77
6759,72
6760,70
6761,69
6762,70
6763,70
6764,71
6765,71
6766,72
6767,71
6768,71
6769,72
6770,73
6771,72
6772,73
6773,74
6774,75
6775,76
6776,74
6777,72
6778,71
6779,70
6780,71
6781,71
6782,71
6783,71
6784,71
6785,70
6786,71
6787,70
6788,71
6789,70
6790,68
6791,67
6792,65
6793,64
6794,63
6795,62
6796,63
6797,62
6798,62
6799,60
6800,59
6801,58
6802,57
6803,56
6804,57
6805,59
6806,61
6807,62
6808,63
6809,62
6810,63
6811,64
6812,64
6813,65
6814,66
6815,67
6816,66
6817,65
6818,63
6819,64
6820,63
6821,61
6822,61
6823,60
6824,58
6825,58
6826,59
6827,58
6828,59
6829,60
6830,60
6831,61
6832,62
6833,63
6834,64
6835,65
6836,67
6837,68
6838,70
6839,71
6840,73
6841,75
6842,78
6843,84
6844,88
6845,90
6846,93
6847,93
6848,92
6849,91
6850,90
6851,87
6852,83
6853,81
6854,80
6855,76
6856,73
6857,70
6858,70
6859,67
6860,70
6861,72
6862,71
6863,71
6864,78
6865,79
6866,78
6867,77
6868,78
6869,76
6870,72
6871,69
6872,70
6873,72
6874,72
6875,73
6876,73
6877,74
6878,73
6879,74
6880,74
6881,75
6882,73
6883,74
6884,76
6885,79
6886,78
6887,78
6888,79
6889,80
6890,79
6891,80
6892,80
6893,83
6894,87
6895,89
6896,91
6897,87
6898,86
6899,85
6900,84
6901,85
6902,86
6903,86
6904,87
6905,89
6906,88
6907,86
6908,85
6909,83
6910,76
6911,74
6912,75
6913,74
6914,72
6915,73
6916,73
6917,75
6918,74
6919,75
6920,76
6921,78
6922,81
6923,85
6924,91
6925,96
6926,99
6927,103
6928,104
6929,105
6930,106
6931,112
6932,121
6933,124
6934,122
6935,125
6936,128
6937,126
6938,127
6939,126
6940,124
6941,121
6942,125
6943,129
6944,131
6945,134
6946,135
6947,134
6948,132
6949,131
6950,128
6951,129
6952,128
6953,125
6954,124
6955,120
6956,115
6957,113
6958,96
6959,81
6960,79
6961,76
6962,72
6963,69
6964,71
6965,73
6966,75
6967,75
6968,74
6969,79
6970,82
6971,81
6972,79
6973,81
6974,82
6975,82
6976,82
6977,80
6978,80
6979,80
6980,84
6981,88
6982,91
6983,92
6984,93
6985,97
6986,97
6987,94
6988,93
6989,92
6990,89
6991,88
6992,89
6993,93
6994,93
6995,95
6996,96
6997,97
6998,98
6999,99
7000,98
7001,97
7002,94
7003,93
7004,91
7005,89
7006,88
7007,89
7008,90
7009,91
7010,90
7011,89
7012,87
7013,85
7014,86
7015,88
7016,90
7017,90
7018,91
7019,88
7020,87
7021,86
7022,85
7023,86
7024,85
7025,83
7026,81
7027,80
7028,81
7029,80
7030,79
7031,73
7032,72
7033,73
7034,75
7035,76
7036,73
7037,65
7038,60
7039,61
7040,64
7041,65
7042,66
7043,67
7044,70
7045,74
7046,74
7047,74
7048,74
7049,75
7050,74
7051,74
7052,75
7053,74
7054,75
7055,75
7056,74
7057,73
7058,72
7059,71
7060,73
7061,73
7062,72
7063,70
7064,69
7065,69
7066,70
7067,70
7068,71
7069,70
7070,69
7071,68
7072,69
7073,70
7074,70
7075,70
7076,71
7077,73
7078,72
7079,73
7080,74
7081,79
7082,83
7083,81
7084,73
7085,74
7086,75
7087,76
7088,77
7089,78
7090,78
7091,77
7092,75
7093,72
7094,71
7095,72
7096,73
7097,74
7098,76
7099,77
7100,76
7101,75
7102,75
7103,76
7104,77
7105,78
7106,79
7107,79
7108,80
7109,80
7110,79
7111,77
7112,78
7113,79
7114,80
7115,80
7116,81
7117,84
7118,85
7119,86
7120,88
7121,89
7122,88
7123,88
7124,89
7125,90
7126,90
7127,90
7128,89
7129,88
7130,88
7131,86
7132,84
7133,84
7134,84
7135,84
7136,84
7137,86
7138,88
7139,86
7140,90
7141,92
7142,91
7143,90
7144,89
7145,88
7146,89
7147,88
7148,90
7149,91
7150,92
7151,91
7152,90
7153,89
7154,89
7155,92
7156,91
7157,95
7158,95
7159,94
7160,91
7161,90
7162,92
7163,93
7164,92
7165,90
7166,88
7167,86
7168,86
7169,85
7170,86
7171,81
7172,81
7173,80
7174,79
7175,77
7176,75
7177,76
7178,76
7179,78
7180,81
7181,82
7182,82
7183,81
7184,80
7185,80
7186,78
7187,78
7188,78
7189,77
7190,75
7191,76
7192,77
7193,77
7194,81
7195,82
7196,86
7197,88
7198,90
7199,91
7200,91
7201,89
7202,86
7203,85
7204,87
7205,88
7206,89
7207,90
7208,92
7209,88
7210,86
7211,93
7212,100
7213,105
7214,104
7215,103
7216,102
7217,104
7218,102
7219,103
7220,104
7221,100
7222,96
7223,99
7224,98
7225,94
7226,91
7227,89
7228,88
7229,85
7230,84
7231,85
7232,91
7233,90
7234,85
7235,86
7236,86
7237,87
7238,90
7239,92
7240,94
7241,96
7242,97
7243,96
7244,95
7245,93
7246,92
7247,89
7248,88
7249,90
7250,93
7251,94
7252,91
7253,89
7254,89
7255,86
7256,85
7257,86
7258,88
7259,89
7260,90
7261,88
7262,91
7263,89
7264,89
7265,89
7266,86
7267,82
7268,85
7269,88
7270,91
7271,93
7272,94
7273,95
7274,93
7275,91
7276,90
7277,90
7278,90
7279,90
7280,90
7281,90
7282,91
7283,92
7284,92
7285,95
7286,96
7287,97
7288,98
7289,97
7290,99
7291,101
7292,102
7293,103
7294,104
7295,103
7296,105
7297,107
7298,109
7299,110
7300,111
7301,109
7302,108
7303,108
7304,107
7305,108
7306,106
7307,109
7308,107
7309,104
7310,102
7311,103
7312,104
7313,105
7314,109
7315,108
7316,107
7317,103
7318,101
7319,100
7320,101
7321,105
7322,106
7323,107
7324,110
7325,111
7326,109
7327,111
7328,109
7329,108
7330,112
7331,115
7332,116
7333,117
7334,118
7335,116
7336,114
7337,113
7338,116
7339,115
7340,114
7341,110
7342,109
7343,110
7344,111
7345,110
7346,108
7347,106
7348,103
7349,102
7350,106
7351,107
7352,106
7353,107
7354,106
7355,105
7356,104
7357,103
7358,102
7359,101
7360,101
7361,102
7362,106
7363,107
7364,106
7365,105
7366,104
7367,103
7368,101
7369,100
7370,99
7371,101
7372,102
7373,100
7374,99
7375,98
7376,97
7377,96
7378,95
7379,96
7380,97
7381,98
7382,100
7383,101
7384,103
7385,105
7386,108
7387,109
7388,103
7389,99
7390,95
7391,94
7392,95
7393,97
7394,99
7395,96
7396,98
7397,99
7398,100
7399,102
7400,101
7401,98
7402,99
7403,100
7404,101
7405,101
7406,102
7407,101
7408,100
7409,98
7410,97
7411,98
7412,99
7413,98
7414,97
7415,98
7416,100
7417,99
7418,98
7419,100
7420,105
7421,106
7422,108
7423,107
7424,108
7425,105
7426,101
7427,101
7428,100
7429,99
7430,98
7431,100
7432,100
7433,99
7434,100
7435,98
7436,97
7437,100
7438,103
7439,105
7440,104
7441,103
7442,103
7443,103
7444,102
7445,103
7446,104
7447,103
7448,102
7449,100
7450,98
7451,94
7452,93
7453,94
7454,92
7455,86
7456,82
7457,79
7458,76
7459,74
7460,72
7461,71
7462,70
7463,69
7464,68
7465,68
7466,69
7467,70
7468,70
7469,71
7470,72
7471,72
7472,73
7473,74
7474,74
7475,75
7476,73
7477,72
7478,73
7479,74
7480,71
7481,70
7482,71
7483,71
7484,72
7485,72
7486,72
7487,73
7488,74
7489,74
7490,75
7491,76
7492,75
7493,74
7494,75
7495,75
7496,76
7497,76
7498,77
7499,77
7500,76
7501,77
7502,76
7503,73
7504,72
7505,72
7506,71
7507,69
7508,67
7509,65
7510,63
7511,63
7512,62
7513,62
7514,63
7515,63
7516,63
7517,64
7518,64
7519,66
7520,67
7521,69
7522,68
7523,69
7524,69
7525,72
7526,73
7527,72
7528,73
7529,72
7530,71
7531,70
7532,62
7533,63
7534,65
7535,64
7536,61
7537,60
7538,61
7539,60
7540,61
7541,62
7542,62
7543,61
7544,60
7545,59
7546,59
7547,60
7548,61
7549,61
7550,62
7551,61
7552,62
7553,61
7554,60
7555,59
7556,58
7557,59
7558,58
7559,57
7560,57
7561,57
7562,58
7563,59
7564,60
7565,60
7566,62
7567,64
7568,62
7569,61
7570,60
7571,59
7572,59
7573,58
7574,58
7575,58
7576,57
7577,58
7578,59
7579,60
7580,59
7581,58
7582,58
7583,57
7584,57
7585,55
7586,55
7587,56
7588,58
7589,60
7590,59
7591,58
7592,57
7593,58
7594,57
7595,58
7596,57
7597,57
7598,57
7599,57
7600,56
7601,56
7602,57
7603,60
7604,59
7605,57
7606,58
7607,57
7608,57
7609,56
7610,57
7611,57
7612,58
7613,57
7614,56
7615,55
7616,56
7617,61
7618,63
7619,60
7620,59
7621,58
7622,58
7623,59
7624,60
7625,59
7626,57
7627,58
7628,59
7629,58
7630,57
7631,56
7632,55
7633,56
7634,59
7635,58
7636,55
7637,54
7638,55
7639,56
7640,57
7641,58
7642,56
7643,56
7644,57
7645,56
7646,55
7647,56
7648,57
7649,57
7650,58
7651,59
7652,59
7653,60
7654,62
7655,64
7656,66
7657,66
7658,66
7659,66
7660,66
7661,66
7662,66
7663,66
7664,67
7665,68
7666,70
7667,72
7668,73
7669,75
7670,74
7671,72
7672,71
7673,72
7674,73
7675,82
7676,87
7677,89
7678,90
7679,94
7680,98
7681,98
7682,102
7683,101
7684,102
7685,100
7686,95
7687,94
7688,97
7689,98
7690,98
7691,99
7692,100
7693,100
7694,101
7695,99
7696,96
7697,99
7698,100
7699,102
7700,101
7701,100
7702,99
7703,107
7704,113
7705,113
7706,108
7707,107
7708,106
7709,107
7710,102
7711,102
7712,104
7713,106
7714,106
7715,101
7716,100
7717,102
7718,102
7719,102
7720,103
7721,105
7722,101
7723,96
7724,94
7725,95
7726,96
7727,97
7728,98
7729,99
7730,101
7731,102
7732,97
7733,89
7734,82
7735,83
7736,81
7737,82
7738,84
7739,84
7740,82
7741,81
7742,81
7743,82
7744,84
7745,87
7746,89
7747,89
7748,89
7749,89
7750,88
7751,86
7752,84
7753,85
7754,84
7755,79
7756,78
7757,77
7758,76
7759,75
7760,78
7761,79
7762,79
7763,80
7764,79
7765,78
7766,78
7767,78
7768,79
7769,78
7770,76
7771,75
7772,76
7773,71
7774,70
7775,69
7776,68
7777,66
7778,65
7779,64
7780,66
7781,65
7782,64
7783,63
7784,64
7785,66
7786,67
7787,68
7788,68
7789,69
7790,70
7791,72
7792,73
7793,74
7794,73
7795,74
7796,77
7797,81
7798,80
7799,79
7800,75
7801,74
7802,74
7803,74
7804,74
7805,75
7806,76
7807,77
7808,78
7809,77
7810,73
7811,73
7812,72
7813,73
7814,73
7815,74
7816,68
7817,67
7818,67
7819,66
7820,67
7821,65
7822,65
7823,66
7824,67
7825,67
7826,68
7827,68
7828,67
7829,66
7830,66
7831,67
7832,68
7833,67
7834,67
7835,64
7836,65
7837,66
7838,64
7839,66
7840,67
7841,68
7842,67
7843,66
7844,66
7845,64
7846,63
7847,62
7848,61
7849,61
7850,64
7851,65
7852,66
7853,68
7854,69
7855,68
7856,68
7857,67
7858,67
7859,66
7860,64
7861,64
7862,64
7863,64
7864,65
7865,64
7866,61
7867,60
7868,59
7869,59
7870,60
7871,63
7872,75
7873,77
7874,77
7875,77
7876,76
7877,76
7878,77
7879,76
7880,74
7881,73
7882,71
7883,69
7884,70
7885,69
7886,68
7887,65
7888,64
7889,64
7890,65
7891,66
7892,68
7893,71
7894,72
7895,73
7896,74
7897,73
7898,73
7899,72
7900,73
7901,74
7902,75
7903,74
7904,72
7905,71
7906,72
7907,73
7908,71
7909,69
7910,67
7911,65
7912,63
7913,62
7914,62
7915,63
7916,62
7917,59
7918,58
7919,58
7920,59
7921,61
7922,64
7923,65
7924,64
7925,63
7926,61
7927,64
7928,65
7929,66
7930,65
7931,63
7932,65
7933,64
7934,63
7935,64
7936,64
7937,67
7938,76
7939,72
7940,65
7941,61
7942,60
7943,61
7944,62
7945,63
7946,64
7947,71
7948,73
7949,69
7950,64
7951,62
7952,61
7953,63
7954,65
7955,68
7956,71
7957,67
7958,63
7959,65
7960,67
7961,69
7962,70
7963,70
7964,69
7965,66
7966,63
7967,60
7968,61
7969,63
7970,63
7971,62
7972,61
7973,59
7974,59
7975,60
7976,61
7977,63
7978,64
7979,62
7980,62
7981,60
7982,58
7983,57
7984,58
7985,65
7986,64
7987,61
7988,60
7989,59
7990,59
7991,60
7992,60
7993,61
7994,62
7995,63
7996,64
7997,64
7998,61
7999,60
8000,59
8001,59
8002,59
8003,60
8004,61
8005,62
8006,62
8007,62
8008,62
8009,73
8010,78
8011,68
8012,60
8013,59
8014,60
8015,61
8016,62
8017,61
8018,62
8019,64
8020,62
8021,60
8022,60
8023,60
8024,61
8025,62
8026,61
8027,61
8028,60
8029,60
8030,59
8031,58
8032,58
8033,57
8034,57
8035,58
8036,59
8037,60
8038,61
8039,60
8040,62
8041,64
8042,63
8043,61
8044,59
8045,59
8046,62
8047,66
8048,66
8049,71
8050,74
8051,74
8052,70
8053,65
8054,62
8055,60
8056,58
8057,57
8058,56
8059,56
8060,56
8061,56
8062,57
8063,58
8064,60
8065,60
8066,61
8067,62
8068,60
8069,58
8070,59
8071,60
8072,61
8073,61
8074,60
8075,61
8076,63
8077,65
8078,66
8079,66
8080,66
8081,67
8082,68
8083,68
8084,69
8085,69
8086,69
8087,70
8088,70
8089,70
8090,70
8091,69
8092,71
8093,72
8094,71
8095,71
8096,72
8097,71
8098,70
8099,69
8100,68
8101,67
8102,68
8103,68
8104,69
8105,70
8106,71
8107,70
8108,67
8109,64
8110,65
8111,65
8112,66
8113,65
8114,60
8115,57
8116,55
8117,56
8118,57
8119,60
8120,61
8121,62
8122,60
8123,59
8124,59
8125,57
8126,60
8127,63
8128,63
8129,59
8130,57
8131,55
8132,56
8133,57
8134,57
8135,58
8136,59
8137,60
8138,61
8139,62
8140,61
8141,59
8142,59
8143,59
8144,60
8145,61
8146,63
8147,66
8148,67
8149,68
8150,65
8151,61
8152,59
8153,60
8154,60
8155,58
8156,59
8157,60
8158,61
8159,62
8160,63
8161,64
8162,63
8163,62
8164,62
8165,63
8166,65
8167,65
8168,66
8169,67
8170,67
8171,67
8172,65
8173,63
8174,62
8175,60
8176,55
8177,54
8178,55
8179,57
8180,59
8181,58
8182,56
8183,56
8184,57
8185,56
8186,56
8187,55
8188,53
8189,54
8190,54
8191,55
8192,57
8193,68
8194,72
8195,71
8196,68
8197,64
8198,65
8199,64
8200,66
8201,65
8202,64
8203,62
8204,60
8205,57
8206,55
8207,56
8208,55
8209,54
8210,54
8211,55
8212,57
8213,58
8214,59
8215,60
8216,59
8217,58
8218,59
8219,60
8220,61
8221,62
8222,63
8223,64
8224,65
8225,64
8226,66
8227,67
8228,68
8229,67
8230,69
8231,68
8232,67
8233,62
8234,59
8235,56
8236,55
8237,55
8238,55
8239,55
8240,55
8241,55
8242,54
8243,51
8244,51
8245,53
8246,54
8247,55
8248,55
8249,55
8250,54
8251,52
8252,52
8253,53
8254,56
8255,59
8256,57
8257,58
8258,59
8259,60
8260,61
8261,62
8262,62
8263,62
8264,62
8265,62
8266,62
8267,62
8268,63
8269,62
8270,61
8271,60
8272,56
8273,53
8274,54
8275,57
8276,56
8277,55
8278,53
8279,53
8280,53
8281,53
8282,55
8283,56
8284,56
8285,57
8286,57
8287,56
8288,54
8289,53
8290,54
8291,54
8292,54
8293,54
8294,54
8295,55
8296,56
8297,56
8298,57
8299,57
8300,56
8301,56
8302,56
8303,56
8304,57
8305,58
8306,60
8307,69
8308,70
8309,60
8310,59
8311,59
8312,56
8313,53
8314,54
8315,56
8316,57
8317,56
8318,55
8319,54
8320,55
8321,56
8322,57
8323,58
8324,59
8325,60
8326,61
8327,61
8328,60
8329,62
8330,60
8331,55
8332,53
8333,57
8334,62
8335,63
8336,64
8337,67
8338,70
8339,72
8340,74
8341,76
8342,78
8343,80
8344,81
8345,82
8346,83
8347,88
8348,93
8349,95
8350,97
8351,96
8352,95
8353,93
8354,93
8355,91
8356,84
8357,78
8358,64
8359,51
8360,50
8361,50
8362,51
8363,53
8364,52
8365,51
8366,52
8367,51
8368,50
8369,50
8370,51
8371,53
8372,53
8373,55
8374,57
8375,56
8376,60
8377,63
8378,62
8379,59
8380,55
8381,53
8382,54
8383,54
8384,55
8385,55
8386,54
8387,54
8388,54
8389,54
8390,53
8391,54
8392,54
8393,56
8394,56
8395,57
8396,57
8397,55
8398,53
8399,52
8400,52
8401,54
8402,54
8403,57
8404,59
8405,56
8406,55
8407,55
8408,56
8409,57
8410,58
8411,59
8412,59
8413,59
8414,61
8415,63
8416,64
8417,66
8418,66
8419,67
8420,68
8421,66
8422,67
8423,68
8424,69
8425,70
8426,70
8427,68
8428,68
8429,70
8430,71
8431,72
8432,71
8433,70
8434,68
8435,67
8436,65
8437,64
8438,64
8439,65
8440,67
8441,68
8442,69
8443,68
8444,70
8445,71
8446,75
8447,88
8448,98
8449,101
8450,101
8451,103
8452,102
8453,101
8454,100
8455,100
8456,100
8457,98
8458,98
8459,99
8460,97
8461,89
8462,86
8463,83
8464,80
8465,77
8466,76
8467,75
8468,74
8469,75
8470,75
8471,75
8472,74
8473,71
8474,69
8475,66
8476,61
8477,59
8478,60
8479,59
8480,60
8481,59
8482,59
8483,57
8484,56
8485,54
8486,52
8487,53
8488,53
8489,54
8490,57
8491,58
8492,61
8493,64
8494,66
8495,66
8496,65
8497,60
8498,59
8499,60
8500,61
8501,64
8502,68
8503,76
8504,77
8505,76
8506,77
8507,76
8508,77
8509,77
8510,79
8511,82
8512,82
8513,79
8514,76
8515,72
8516,70
8517,62
8518,62
8519,63
8520,64
8521,62
8522,63
8523,62
8524,60
8525,55
8526,52
8527,53
8528,54
8529,55
8530,56
8531,57
8532,57
8533,56
8534,57
8535,57
8536,59
8537,60
8538,59
8539,58
8540,57
8541,56
8542,55
8543,54
8544,55
8545,58
8546,73
8547,74
8548,73
8549,72
8550,73
8551,72
8552,70
8553,67
8554,63
8555,59
8556,54
8557,51
8558,51
8559,52
8560,52
8561,52
8562,52
8563,52
8564,52
8565,51
8566,51
8567,52
8568,53
8569,54
8570,53
8571,52
8572,54
8573,57
8574,56
8575,54
8576,53
8577,53
8578,51
8579,50
8580,51
8581,54
8582,56
8583,57
8584,55
8585,54
8586,53
8587,51
8588,51
8589,51
8590,52
8591,53
8592,53
8593,54
8594,54
8595,55
8596,55
8597,55
8598,55
8599,58
8600,58
8601,59
8602,60
8603,58
8604,58
8605,56
8606,54
8607,53
8608,53
8609,55
8610,58
8611,56
8612,55
8613,56
8614,59
8615,60
8616,60
8617,59
8618,58
8619,57
8620,58
8621,57
8622,56
8623,54
8624,56
8625,57
8626,57
8627,58
8628,58
8629,59
8630,58
8631,58
8632,56
8633,54
8634,55
8635,57
8636,58
8637,59
8638,58
8639,56
8640,58
8641,60
8642,61
8643,62
8644,64
8645,64
8646,62
8647,59
8648,56
8649,55
8650,52
8651,51
8652,51
8653,51
8654,52
8655,53
8656,54
8657,56
8658,61
8659,62
8660,59
8661,54
8662,55
8663,60
8664,59
8665,56
8666,53
8667,53
8668,55
8669,56
8670,57
8671,59
8672,63
8673,63
8674,64
8675,65
8676,66
8677,67
8678,68
8679,69
8680,69
8681,68
8682,66
8683,63
8684,61
8685,59
8686,60
8687,61
8688,61
8689,63
8690,64
8691,65
8692,66
8693,67
8694,67
8695,68
8696,59
8697,56
8698,56
8699,57
8700,56
8701,57
8702,58
8703,57
8704,58
8705,59
8706,60
8707,59
8708,60
8709,61
8710,62
8711,60
8712,57
8713,55
8714,54
8715,56
8716,57
8717,58
8718,58
8719,57
8720,55
8721,55
8722,56
8723,57
8724,58
8725,58
8726,60
8727,60
8728,61
8729,62
8730,61
8731,62
8732,61
8733,60
8734,61
8735,58
8736,55
8737,53
8738,52
8739,53
8740,53
8741,52
8742,51
8743,51
8744,52
8745,54
8746,55
8747,55
8748,56
8749,55
8750,56
8751,56
8752,54
8753,55
8754,56
8755,58
8756,59
8757,59
8758,58
8759,59
8760,60
8761,62
8762,64
8763,65
8764,66
8765,64
8766,63
8767,64
8768,66
8769,68
8770,69
8771,70
8772,69
8773,67
8774,67
8775,68
8776,69
8777,70
8778,71
8779,69
8780,69
8781,69
8782,69
8783,68
8784,67
8785,66
8786,67
8787,68
8788,67
8789,68
8790,68
8791,67
8792,68
8793,69
8794,69
8795,68
8796,69
8797,70
8798,69
8799,70
8800,71
8801,68
8802,67
8803,69
8804,68
8805,67
8806,68
8807,69
8808,70
8809,71
8810,71
8811,70
8812,71
8813,70
8814,68
8815,66
8816,65
8817,67
8818,67
8819,68
8820,70
8821,71
8822,72
8823,73
8824,74
8825,72
8826,65
8827,64
8828,65
8829,66
8830,63
8831,59
8832,57
8833,57
8834,58
8835,58
8836,59
8837,59
8838,59
8839,59
8840,60
8841,61
8842,62
8843,63
8844,64
8845,63
8846,62
8847,60
8848,58
8849,56
8850,54
8851,51
8852,51
8853,50
8854,51
8855,52
8856,53
8857,54
8858,56
8859,57
8860,59
8861,60
8862,61
8863,62
8864,63
8865,64
8866,65
8867,66
8868,67
8869,67
8870,68
8871,69
8872,67
8873,66
8874,68
8875,69
8876,70
8877,69
8878,68
8879,67
8880,68
8881,66
8882,67
8883,68
8884,69
8885,70
8886,71
8887,70
8888,70
8889,70
8890,69
8891,68
8892,70
8893,69
8894,68
8895,70
8896,69
8897,68
8898,67
8899,66
8900,65
8901,63
8902,64
8903,63
8904,62
8905,63
8906,64
8907,67
8908,68
8909,70
8910,69
8911,71
8912,72
8913,74
8914,75
8915,74
8916,75
8917,78
8918,80
8919,78
8920,75
8921,76
8922,78
8923,76
8924,67
8925,58
8926,55
8927,55
8928,55
8929,56
8930,57
8931,58
8932,60
8933,62
8934,63
8935,65
8936,64
8937,63
8938,62
8939,64
8940,67
8941,69
8942,68
8943,69
8944,70
8945,71
8946,72
8947,72
8948,70
8949,71
8950,70
8951,69
8952,67
8953,68
8954,69
8955,74
8956,76
8957,75
8958,74
8959,70
8960,66
8961,61
8962,57
8963,54
8964,52
8965,53
8966,54
8967,53
8968,54
8969,53
8970,54
8971,54
8972,56
8973,57
8974,59
8975,67
8976,74
8977,75
8978,77
8979,78
8980,79
8981,79
8982,80
8983,81
8984,83
8985,82
8986,78
8987,72
8988,61
8989,54
8990,55
8991,55
8992,55
8993,55
8994,55
8995,56
8996,55
8997,53
8998,52
8999,52
9000,53
9001,51
9002,52
9003,51
9004,50
9005,51
9006,53
9007,54
9008,53
9009,52
9010,52
9011,51
9012,51
9013,51
9014,50
9015,51
9016,51
9017,51
9018,51
9019,51
9020,51
9021,51
9022,51
9023,51
9024,52
9025,53
9026,54
9027,54
9028,54
9029,54
9030,52
9031,52
9032,50
9033,49
9034,50
9035,54
9036,55
9037,56
9038,57
9039,60
9040,61
9041,62
9042,64
9043,66
9044,67
9045,68
9046,67
9047,66
9048,61
9049,59
9050,58
9051,56
9052,54
9053,52
9054,51
9055,50
9056,49
9057,48
9058,49
9059,50
9060,52
9061,54
9062,54
9063,55
9064,56
9065,56
9066,57
9067,58
9068,58
9069,56
9070,55
9071,56
9072,54
9073,53
9074,51
9075,51
9076,51
9077,49
9078,49
9079,50
9080,51
9081,53
9082,54
9083,56
9084,57
9085,57
9086,58
9087,57
9088,56
9089,53
9090,51
9091,50
9092,49
9093,49
9094,49
9095,49
9096,50
9097,50
9098,50
9099,51
9100,51
9101,49
9102,49
9103,53
9104,54
9105,52
9106,50
9107,48
9108,47
9109,47
9110,49
9111,52
9112,53
9113,52
9114,50
9115,49
9116,47
9117,46
9118,46
9119,47
9120,48
9121,49
9122,48
9123,48
9124,49
9125,50
9126,51
9127,54
9128,54
9129,53
9130,52
9131,51
9132,50
9133,50
9134,49
9135,50
9136,51
9137,55
9138,55
9139,55
9140,58
9141,61
9142,60
9143,58
9144,53
9145,52
9146,51
9147,50
9148,50
9149,51
9150,52
9151,53
9152,54
9153,55
9154,58
9155,57
9156,55
9157,52
9158,50
9159,52
9160,53
9161,54
9162,55
9163,54
9164,54
9165,56
9166,54
9167,55
9168,54
9169,55
9170,56
9171,57
9172,56
9173,53
9174,52
9175,53
9176,54
9177,55
9178,56
9179,59
9180,61
9181,59
9182,61
9183,63
9184,63
9185,64
9186,64
9187,65
9188,64
9189,64
9190,56
9191,49
9192,48
9193,48
9194,48
9195,47
9196,48
9197,48
9198,49
9199,49
9200,48
9201,47
9202,48
9203,49
9204,49
9205,51
9206,53
9207,55
9208,58
9209,59
9210,60
9211,61
9212,63
9213,64
9214,63
9215,63
9216,62
9217,61
9218,62
9219,62
9220,62
9221,61
9222,62
9223,64
9224,65
9225,65
9226,66
9227,66
9228,68
9229,70
9230,70
9231,70
9232,70
9233,68
9234,66
9235,69
9236,70
9237,70
9238,70
9239,69
9240,70
9241,71
9242,71
9243,74
9244,76
9245,78
9246,82
9247,85
9248,87
9249,88
9250,89
9251,90
9252,92
9253,94
9254,97
9255,99
9256,101
9257,102
9258,103
9259,104
9260,103
9261,99
9262,94
9263,90
9264,88
9265,97
9266,100
9267,102
9268,101
9269,102
9270,107
9271,110
9272,111
9273,113
9274,114
9275,121
9276,133
9277,136
9278,135
9279,134
9280,131
9281,129
9282,130
9283,131
9284,134
9285,136
9286,134
9287,132
9288,129
9289,125
9290,124
9291,121
9292,120
9293,116
9294,113
9295,108
9296,102
9297,98
9298,98
9299,96
9300,91
9301,86
9302,80
9303,72
9304,65
9305,59
9306,52
9307,51
9308,51
9309,51
9310,51
9311,54
9312,55
9313,53
9314,53
9315,52
9316,51
9317,52
9318,53
9319,53
9320,54
9321,55
9322,53
9323,52
9324,52
9325,51
9326,51
9327,51
9328,52
9329,51
9330,51
9331,52
9332,54
9333,53
9334,54
9335,56
9336,57
9337,56
9338,54
9339,52
9340,51
9341,50
9342,50
9343,52
9344,53
9345,55
9346,58
9347,61
9348,62
9349,61
9350,60
9351,61
9352,62
9353,64
9354,65
9355,67
9356,68
9357,67
9358,66
9359,65
9360,66
9361,65
9362,64
9363,65
9364,66
9365,68
9366,69
9367,70
9368,69
9369,71
9370,72
9371,71
9372,71
9373,71
9374,72
9375,72
9376,70
9377,69
9378,68
9379,67
9380,66
9381,65
9382,67
9383,65
9384,63
9385,64
9386,67
9387,68
9388,70
9389,71
9390,71
9391,68
9392,67
9393,66
9394,67
9395,69
9396,69
9397,70
9398,70
9399,68
9400,65
9401,67
9402,68
9403,69
9404,70
9405,69
9406,70
9407,69
9408,69
9409,70
9410,72
9411,73
9412,74
9413,79
9414,81
9415,78
9416,79
9417,78
9418,76
9419,73
9420,68
9421,67
9422,66
9423,64
9424,62
9425,62
9426,62
9427,63
9428,61
9429,58
9430,52
9431,51
9432,52
9433,54
9434,55
9435,56
9436,56
9437,56
9438,55
9439,56
9440,57
9441,57
9442,59
9443,62
9444,63
9445,62
9446,62
9447,63
9448,61
9449,61
9450,60
9451,59
9452,59
9453,60
9454,61
9455,62
9456,62
9457,63
9458,63
9459,64
9460,65
9461,66
9462,67
9463,68
9464,69
9465,71
9466,70
9467,70
9468,69
9469,68
9470,67
9471,68
9472,64
9473,65
9474,65
9475,65
9476,64
9477,63
9478,62
9479,58
9480,51
9481,52
9482,53
9483,52
9484,51
9485,50
9486,51
9487,53
9488,52
9489,54
9490,57
9491,67
9492,65
9493,64
9494,61
9495,57
9496,55
9497,54
9498,54
9499,54
9500,56
9501,57
9502,56
9503,55
9504,51
9505,50
9506,49
9507,49
9508,49
9509,51
9510,59
9511,60
9512,58
9513,56
9514,53
9515,55
9516,56
9517,55
9518,54
9519,54
9520,55
9521,58
9522,60
9523,57
9524,56
9525,58
9526,57
9527,54
9528,52
9529,50
9530,49
9531,48
9532,49
9533,50
9534,51
9535,50
9536,52
9537,51
9538,51
9539,52
9540,68
9541,73
9542,74
9543,74
9544,75
9545,73
9546,70
9547,69
9548,67
9549,66
9550,67
9551,67
9552,67
9553,66
9554,65
9555,64
9556,63
9557,63
9558,64
9559,65
9560,66
9561,67
9562,69
9563,67
9564,66
9565,67
9566,66
9567,63
9568,63
9569,64
9570,65
9571,66
9572,64
9573,62
9574,62
9575,63
9576,60
9577,59
9578,58
9579,56
9580,55
9581,55
9582,55
9583,56
9584,57
9585,56
9586,57
9587,59
9588,59
9589,60
9590,62
9591,64
9592,65
9593,66
9594,61
9595,60
9596,61
9597,61
9598,60
9599,58
9600,60
9601,62
9602,63
9603,62
9604,61
9605,56
9606,53
9607,54
9608,56
9609,60
9610,59
9611,56
9612,55
9613,54
9614,54
9615,55
9616,57
9617,56
9618,55
9619,56
9620,55
9621,57
9622,59
9623,62
9624,65
9625,63
9626,64
9627,64
9628,63
9629,64
9630,64
9631,64
9632,65
9633,64
9634,63
9635,63
9636,65
9637,66
9638,65
9639,65
9640,66
9641,66
9642,65
9643,65
9644,66
9645,66
9646,67
9647,66
9648,68
9649,65
9650,58
9651,58
9652,55
9653,55
9654,57
9655,58
9656,58
9657,57
9658,58
9659,60
9660,62
9661,63
9662,61
9663,60
9664,59
9665,60
9666,61
9667,62
9668,63
9669,64
9670,63
9671,64
9672,62
9673,63
9674,64
9675,64
9676,65
9677,65
9678,66
9679,66
9680,66
9681,66
9682,66
9683,67
9684,67
9685,66
9686,64
9687,64
9688,63
9689,62
9690,61
9691,61
9692,60
9693,61
9694,61
9695,62
9696,64
9697,65
9698,65
9699,64
9700,65
9701,65
9702,65
9703,65
9704,68
9705,66
9706,66
9707,66
9708,65
9709,63
9710,63
9711,64
9712,63
9713,62
9714,61
9715,60
9716,60
9717,62
9718,62
9719,64
9720,66
9721,65
9722,66
9723,66
9724,66
9725,65
9726,64
9727,62
9728,61
9729,61
9730,63
9731,63
9732,62
9733,62
9734,60
9735,59
9736,60
9737,59
9738,58
9739,58
9740,59
9741,60
9742,60
9743,62
9744,63
9745,63
9746,64
9747,65
9748,66
9749,67
9750,68
9751,67
9752,66
9753,67
9754,68
9755,68
9756,64
9757,63
9758,63
9759,64
9760,64
9761,63
9762,62
9763,62
9764,64
9765,65
9766,66
9767,69
9768,71
9769,70
9770,70
9771,73
9772,73
9773,72
9774,74
9775,76
9776,77
9777,80
9778,80
9779,87
9780,94
9781,95
9782,94
9783,95
9784,96
9785,95
9786,97
9787,100
9788,101
9789,99
9790,98
9791,97
9792,98
9793,102
9794,103
9795,102
9796,99
9797,98
9798,96
9799,94
9800,94
9801,95
9802,97
9803,99
9804,98
9805,100
9806,96
9807,92
9808,93
9809,94
9810,95
9811,97
9812,98
9813,99
9814,97
9815,100
9816,102
9817,103
9818,105
9819,103
9820,100
9821,98
9822,95
9823,92
9824,90
9825,91
9826,92
9827,92
9828,89
9829,89
9830,89
9831,90
9832,91
9833,91
9834,89
9835,90
9836,91
9837,92
9838,94
9839,95
9840,100
9841,102
9842,106
9843,111
9844,109
9845,105
9846,110
9847,108
9848,109
9849,114
9850,116
9851,113
9852,113
9853,112
9854,112
9855,111
9856,109
9857,105
9858,103
9859,102
9860,104
9861,105
9862,104
9863,101
9864,100
9865,99
9866,97
9867,97
9868,100
9869,96
9870,95
9871,98
9872,101
9873,104
9874,106
9875,107
9876,106
9877,103
9878,104
9879,105
9880,109
9881,112
9882,115
9883,117
9884,116
9885,115
9886,115
9887,116
9888,116
9889,117
9890,118
9891,119
9892,119
9893,114
9894,107
9895,99
9896,100
9897,102
9898,104
9899,103
9900,97
9901,93
9902,88
9903,85
9904,83
9905,82
9906,78
9907,74
9908,76
9909,74
9910,76
9911,80
9912,84
9913,87
9914,89
9915,91
9916,92
9917,91
9918,89
9919,87
9920,89
9921,91
9922,94
9923,96
9924,98
9925,102
9926,108
9927,103
9928,96
9929,92
9930,92
9931,93
9932,94
9933,97
9934,100
9935,101
9936,100
9937,98
9938,97
9939,95
9940,97
9941,103
9942,102
9943,103
9944,108
9945,107
9946,107
9947,105
9948,105
9949,104
9950,103
9951,102
9952,97
9953,94
9954,89
9955,83
9956,79
9957,82
9958,82
9959,82
9960,83
9961,84
9962,89
9963,92
9964,90
9965,89
9966,89
9967,89
9968,85
9969,85
9970,82
9971,80
9972,80
9973,80
9974,85
9975,89
9976,90
9977,95
9978,94
9979,93
9980,96
9981,97
9982,98
9983,99
9984,99
9985,100
9986,99
9987,106
9988,109
9989,108
9990,109
9991,108
9992,109
9993,110
9994,112
9995,111
9996,110
9997,109
9998,108
9999,105
10000,102
10001,98
10002,93
10003,95
10004,103
10005,106
10006,107
10007,106
10008,106
10009,109
10010,116
10011,120
10012,119
10013,120
10014,120
10015,115
10016,114
10017,113
10018,110
10019,113
10020,114
10021,114
10022,116
10023,114
10024,112
10025,112
10026,109
10027,107
10028,104
10029,102
10030,100
10031,101
10032,103
10033,103
10034,98
10035,96
10036,94
10037,93
10038,90
10039,87
10040,82
10041,79
10042,80
10043,79
10044,76
10045,75
10046,73
10047,72
10048,73
10049,75
10050,74
10051,74
10052,76
10053,78
10054,82
10055,81
10056,82
10057,84
10058,85
10059,87
10060,81
10061,77
10062,78
10063,79
10064,80
10065,82
10066,84
10067,83
10068,82
10069,81
10070,77
10071,69
10072,63
10073,64
10074,68
10075,69
10076,70
10077,72
10078,74
10079,75
10080,76
10081,75
10082,74
10083,72
10084,70
10085,75
10086,77
10087,79
10088,80
10089,79
10090,82
10091,85
10092,86
10093,87
10094,88
10095,89
10096,87
10097,85
10098,85
10099,94
10100,93
10101,93
10102,91
10103,89
10104,91
10105,92
10106,93
10107,95
10108,97
10109,98
10110,98
10111,99
10112,100
10113,99
10114,97
10115,99
10116,98
10117,96
10118,94
10119,93
10120,94
10121,95
10122,96
10123,98
10124,99
10125,100
10126,100
10127,99
10128,97
10129,93
10130,93
10131,97
10132,100
10133,100
10134,99
10135,100
10136,100
10137,101
10138,100
10139,99
10140,96
10141,92
10142,92
10143,90
10144,89
10145,90
10146,86
10147,81
10148,74
10149,63
10150,58
10151,58
10152,59
10153,60
10154,61
10155,59
10156,58
10157,56
10158,56
10159,57
10160,58
10161,58
10162,60
10163,59
10164,59
10165,58
10166,57
10167,57
10168,57
10169,58
10170,60
10171,61
10172,63
10173,64
10174,65
10175,65
10176,65
10177,65
10178,66
10179,65
10180,65
10181,64
10182,65
10183,66
10184,66
10185,66
10186,67
10187,69
10188,70
10189,71
10190,72
10191,73
10192,72
10193,71
10194,67
10195,64
10196,63
10197,63
10198,66
10199,67
10200,66
10201,66
10202,66
10203,68
10204,68
10205,66
10206,66
10207,65
10208,62
10209,61
10210,60
10211,64
10212,67
10213,68
10214,66
10215,67
10216,67
10217,68
10218,67
10219,66
10220,65
10221,63
10222,62
10223,63
10224,65
10225,65
10226,65
10227,63
10228,64
10229,67
10230,68
10231,69
10232,68
10233,68
10234,68
10235,69
10236,69
10237,68
10238,69
10239,68
10240,66
10241,68
10242,70
10243,70
10244,70
10245,70
10246,70
10247,69
10248,70
10249,70
10250,68
10251,67
10252,68
10253,68
10254,69
10255,69
10256,70
10257,72
10258,74
10259,73
10260,72
10261,73
10262,72
10263,68
10264,69
10265,69
10266,70
10267,69
10268,67
10269,65
10270,66
10271,67
10272,65
10273,65
10274,65
10275,67
10276,65
10277,65
10278,66
10279,68
10280,69
10281,70
10282,72
10283,71
10284,71
10285,69
10286,68
10287,67
10288,68
10289,66
10290,67
10291,68
10292,69
10293,70
10294,73
10295,72
10296,71
10297,72
10298,71
10299,70
10300,69
10301,62
10302,58
10303,60
10304,61
10305,61
10306,62
10307,63
10308,65
10309,66
10310,67
10311,68
10312,66
10313,65
10314,65
10315,66
10316,67
10317,67
10318,68
10319,70
10320,69
10321,70
10322,69
10323,68
10324,68
10325,71
10326,72
10327,72
10328,71
10329,70
10330,70
10331,70
10332,70
10333,73
10334,76
10335,77
10336,76
10337,75
10338,74
10339,71
10340,67
10341,67
10342,67
10343,67
10344,67
10345,69
10346,68
10347,68
10348,69
10349,68
10350,67
10351,68
10352,67
10353,67
10354,69
10355,70
10356,71
10357,70
10358,70
10359,69
10360,70
10361,69
10362,68
10363,69
10364,70
10365,70
10366,68
10367,67
10368,67
10369,68
10370,68
10371,69
10372,68
10373,67
10374,68
10375,68
10376,68
10377,69
10378,70
10379,70
10380,69
10381,69
10382,69
10383,69
10384,69
10385,69
10386,70
10387,69
10388,69
10389,68
10390,66
10391,66
10392,65
10393,65
10394,64
10395,65
10396,65
10397,65
10398,67
10399,68
10400,69
10401,68
10402,65
10403,62
10404,63
10405,66
10406,66
10407,63
10408,64
10409,61
10410,60
10411,59
10412,58
10413,59
10414,58
10415,57
10416,59
10417,60
10418,59
10419,58
10420,57
10421,58
10422,59
10423,60
10424,61
10425,60
10426,59
10427,59
10428,58
10429,57
10430,58
10431,58
10432,59
10433,60
10434,60
10435,59
10436,60
10437,60
10438,59
10439,58
10440,57
10441,57
10442,58
10443,59
10444,58
10445,59
10446,58
10447,58
10448,60
10449,62
10450,64
10451,62
10452,62
10453,62
10454,64
10455,63
10456,62
10457,60
10458,60
10459,59
10460,59
10461,57
10462,57
10463,58
10464,59
10465,59
10466,59
10467,59
10468,59
10469,58
10470,58
10471,56
10472,55
10473,56
10474,57
10475,57
10476,57
10477,58
10478,59
10479,59
10480,60
10481,61
10482,59
10483,60
10484,62
10485,62
10486,61
10487,59
10488,57
10489,58
10490,59
10491,60
10492,61
10493,62
10494,62
10495,61
10496,60
10497,58
10498,57
10499,57
10500,58
10501,60
10502,61
10503,62
10504,63
10505,62
10506,61
10507,60
10508,60
10509,60
10510,60
10511,58
10512,56
10513,55
10514,53
10515,54
10516,54
10517,53
10518,54
10519,56
10520,57
10521,57
10522,58
10523,58
10524,58
10525,59
10526,57
10527,56
10528,56
10529,56
10530,56
10531,57
10532,58
10533,58
10534,59
10535,59
10536,59
10537,59
10538,61
10539,59
10540,57
10541,56
10542,54
10543,53
10544,52
10545,53
10546,54
10547,55
10548,56
10549,56
10550,57
10551,58
10552,61
10553,60
10554,60
10555,59
10556,58
10557,58
10558,61
10559,61
10560,64
10561,68
10562,68
10563,68
10564,68
10565,68
10566,67
10567,63
10568,62
10569,60
10570,58
10571,57
10572,57
10573,57
10574,59
10575,61
10576,61
10577,60
10578,59
10579,58
10580,59
10581,61
10582,65
10583,66
10584,70
10585,69
10586,66
10587,63
10588,61
10589,60
10590,64
10591,70
10592,72
10593,71
10594,67
10595,65
10596,65
10597,66
10598,66
10599,66
10600,67
10601,68
10602,71
10603,72
10604,72
10605,72
10606,74
10607,75
10608,75
10609,74
10610,73
10611,71
10612,67
10613,63
10614,62
10615,63
10616,62
10617,61
10618,59
10619,58
10620,59
10621,60
10622,61
10623,62
10624,62
10625,60
10626,59
10627,59
10628,60
10629,61
10630,62
10631,63
10632,62
10633,62
10634,63
10635,64
10636,64
10637,65
10638,66
10639,61
10640,61
10641,62
10642,61
10643,62
10644,63
10645,63
10646,63
10647,63
10648,62
10649,63
10650,62
10651,70
10652,70
10653,68
10654,71
10655,76
10656,80
10657,83
10658,83
10659,83
10660,81
10661,76
10662,74
10663,73
10664,72
10665,73
10666,73
10667,73
10668,73
10669,74
10670,74
10671,73
10672,72
10673,70
10674,67
10675,59
10676,58
10677,58
10678,58
10679,59
10680,60
10681,66
10682,73
10683,74
10684,74
10685,76
10686,80
10687,79
10688,78
10689,75
10690,74
10691,75
10692,76
10693,77
10694,77
10695,78
10696,76
10697,72
10698,68
10699,67
10700,68
10701,68
10702,74
10703,77
10704,74
10705,69
10706,67
10707,66
10708,67
10709,71
10710,74
10711,71
10712,69
10713,69
10714,69
10715,69
10716,70
10717,70
10718,71
10719,72
10720,73
10721,74
10722,74
10723,73
10724,74
10725,74
10726,75
10727,73
10728,72
10729,71
10730,69
10731,69
10732,70
10733,70
10734,69
10735,70
10736,71
10737,71
10738,71
10739,71
10740,71
10741,73
10742,71
10743,69
10744,65
10745,65
10746,62
10747,60
10748,58
10749,58
10750,58
10751,57
10752,56
10753,56
10754,58
10755,59
10756,60
10757,59
10758,57
10759,56
10760,57
10761,58
10762,58
10763,58
10764,58
10765,57
10766,58
10767,58
10768,58
10769,59
10770,59
10771,60
10772,61
10773,60
10774,59
10775,58
10776,58
10777,59
10778,61
10779,62
10780,61
10781,59
10782,57
10783,57
10784,58
10785,59
10786,60
10787,61
10788,62
10789,63
10790,63
10791,64
10792,65
10793,67
10794,68
10795,68
10796,68
10797,67
10798,66
10799,66
10800,67
10801,68
10802,69
10803,71
10804,72
10805,72
10806,71
10807,71
10808,72
10809,73
10810,73
10811,73
10812,74
10813,73
10814,71
10815,72
10816,67
10817,62
10818,59
10819,57
10820,56
10821,55
10822,54
10823,55
10824,56
10825,57
10826,55
10827,54
10828,55
10829,56
10830,55
10831,56
10832,57
10833,56
10834,55
10835,55
10836,55
10837,55
10838,56
10839,57
10840,59
10841,61
10842,62
10843,63
10844,61
10845,60
10846,64
10847,70
10848,70
10849,71
10850,70
10851,67
10852,63
10853,60
10854,61
10855,62
10856,61
10857,58
10858,57
10859,56
10860,56
10861,58
10862,59
10863,59
10864,62
10865,60
10866,59
10867,60
10868,60
10869,60
10870,61
10871,61
10872,62
10873,65
10874,63
10875,61
10876,60
10877,59
10878,59
10879,59
10880,60
10881,59
10882,58
10883,57
10884,56
10885,55
10886,56
10887,56
10888,56
10889,57
10890,57
10891,56
10892,55
10893,54
10894,52
10895,52
10896,52
10897,53
10898,53
10899,53
10900,53
10901,53
10902,54
10903,54
10904,54
10905,55
10906,55
10907,56
10908,57
10909,56
10910,56
10911,57
10912,56
10913,56
10914,55
10915,57
10916,56
10917,55
10918,53
10919,54
10920,55
10921,56
10922,56
10923,56
10924,55
10925,54
10926,53
10927,53
10928,54
10929,54
10930,55
10931,55
10932,55
10933,55
10934,55
10935,56
10936,57
10937,61
10938,69
10939,70
10940,68
10941,67
10942,68
10943,68
10944,66
10945,61
10946,59
10947,55
10948,55
10949,54
10950,54
10951,58
10952,59
10953,58
10954,57
10955,55
10956,55
10957,56
10958,59
10959,60
10960,59
10961,61
10962,62
10963,61
10964,59
10965,54
10966,54
10967,56
10968,57
10969,57
10970,56
10971,57
10972,57
10973,56
10974,57
10975,58
10976,58
10977,57
10978,56
10979,55
10980,55
10981,56
10982,56
10983,57
10984,56
10985,55
10986,54
10987,53
10988,53
10989,54
10990,55
10991,56
10992,55
10993,56
10994,56
10995,56
10996,65
10997,72
10998,71
10999,71
11000,72
11001,73
11002,73
11003,74
11004,78
11005,77
11006,72
11007,63
11008,57
11009,56
11010,56
11011,55
11012,54
11013,54
11014,54
11015,54
11016,58
11017,59
11018,59
11019,57
11020,57
11021,57
11022,57
11023,56
11024,55
11025,55
11026,55
11027,55
11028,55
11029,55
11030,54
11031,53
11032,54
11033,54
11034,55
11035,55
11036,55
